n,mse,rmse,mae,median_abs_error,bias,p90_abs_error,p95_abs_error,p99_abs_error,max_abs_error,seed,regime,option_type
265,0.0010862604114944571,0.03295846494444875,0.017854106366950617,0.008479007212872813,0.0004761009184431721,0.04133247018221322,0.07288712758693422,0.13449204844759766,0.19686898479834364,7,jan27,CE
259,0.0006309428328513661,0.025118575454260262,0.013471288132771759,0.00707842758885624,0.0025748930663279136,0.030609966188822963,0.05104619578986872,0.12999442701185127,0.17110432678595822,7,jan27,PE
1052,9.302995764361341e-06,0.003050081271763318,0.0015923701658378034,0.0009063909687214017,0.0005615481647766435,0.003054439276139786,0.004896539971470932,0.013922876896856281,0.0388857684273769,7,pre27,CE
1045,1.2158126050609315e-06,0.0011026389277823143,0.0007072162327803149,0.00048516116988309155,0.00023546800808099767,0.0014714408570108972,0.0019790196884914226,0.004109190207268896,0.010969555903942996,7,pre27,PE
265,0.001012119466428926,0.031813825083270415,0.017823268868866995,0.00886579745570093,-0.0049572753881751115,0.03732917890114402,0.08041135487187837,0.13236513178472897,0.16072438666960798,11,jan27,CE
259,0.00568437967380061,0.07539482524550746,0.022917078913620326,0.008351033060948865,0.010775413604008584,0.04066839769987149,0.061344704519897084,0.22065002630074484,0.913576713496691,11,jan27,PE
1052,9.057915082470976e-06,0.0030096370350045495,0.0015584784530867735,0.0008442393557348965,0.0005573903818516775,0.0030793045505781757,0.005417036094322161,0.013193848351334315,0.026782736538730686,11,pre27,CE
1045,1.136440768647906e-06,0.0010660397594123335,0.0007127384699574148,0.000495768803912805,0.00021926665690810785,0.0014677162882171693,0.002009520431042894,0.004234001096499626,0.007988128332717809,11,pre27,PE
265,0.0008480321889885016,0.02912099223907904,0.017263411019379345,0.009550083967133416,0.0003331122671654009,0.03819020860932387,0.055531108937817326,0.13520500813368988,0.1605352976541971,19,jan27,CE
259,0.0018938113325294938,0.04351794265046883,0.020001468254638204,0.007460186185656581,0.0016232128012672372,0.04486648814206277,0.07665879275722082,0.21080415023946222,0.34136900000000003,19,jan27,PE
1052,9.890665563229865e-06,0.0031449428553202464,0.0015650414910676647,0.0008234251865945966,0.0004531587325157864,0.0029982266328401792,0.005451071077003503,0.01397253914492518,0.039842160771064894,19,pre27,CE
1045,1.1619649053270046e-06,0.0010779447598680577,0.0007116786370394755,0.0005184767013086122,0.0002246298829550553,0.0014532383240252412,0.0020494550268554345,0.003517786160269934,0.009342033071537609,19,pre27,PE
265,0.0006557835364185999,0.025608270859599245,0.015160484672366832,0.008440677687232667,-0.0005729713611942135,0.037125635593986114,0.05979684193561406,0.10664322512580536,0.12529872430623912,23,jan27,CE
259,0.0009505981593394331,0.030831771913716426,0.01739070610827092,0.008662844212829812,-0.0014309495008538817,0.04468220302482883,0.06398201993624635,0.13512285483139624,0.17110432678595822,23,jan27,PE
1052,1.1645834341416835e-05,0.0034125993526074572,0.001597774850035263,0.0008114154622228462,0.0006555759098333026,0.0030568040445606895,0.005488805501155095,0.014323845895567254,0.042578928635161994,23,pre27,CE
1045,1.5030404488954856e-06,0.0012259855010951335,0.0007597429486981588,0.0005317501314026918,0.00018182953905519184,0.0015741082056013101,0.002079108708279857,0.004153795199421199,0.014948404528745698,23,pre27,PE
265,0.002375882385080356,0.0487430239632335,0.019432066725386093,0.008945560781468354,-0.001570499371226765,0.03408228952854466,0.06032898763830778,0.21967609667416854,0.46811393452674865,31,jan27,CE
259,0.0014589826058179012,0.03819663081762449,0.018853399220298796,0.008490066946609365,0.002408875926474559,0.039043383915382646,0.07177411831936657,0.1283017174447142,0.3525820822737833,31,jan27,PE
1052,7.480309844715485e-06,0.0027350155108729246,0.001522607565220878,0.0008983610816846524,0.0005842128888783879,0.002961703988609716,0.005140831204768499,0.011020036152438833,0.02294293599256869,31,pre27,CE
1045,1.5107060881404227e-06,0.0012291078423557562,0.0007599048423644108,0.0005165712323139116,0.00019713169427056895,0.0015480883697135462,0.002429776526572985,0.004798113455632944,0.012451463651834596,31,pre27,PE
265,0.0009453089941842082,0.030745877677897052,0.01818305038110784,0.008867167013906274,0.0017355255533451383,0.044405314676716975,0.07162920908559937,0.11925775265561832,0.15861453042440754,43,jan27,CE
259,0.0011051278241980048,0.03324346287915873,0.018793828039466675,0.009482330626092939,-0.0008632765325896494,0.04730583224366535,0.06418470870431281,0.13896631892355799,0.17832899772884697,43,jan27,PE
1052,1.1920457598053397e-05,0.003452601569549171,0.001696930378738022,0.0009355114567214454,0.0005810560622024614,0.0033106130264054937,0.006001845089075125,0.018044098298211526,0.032235660342081904,43,pre27,CE
1045,8.785702308480344e-07,0.0009373207726536495,0.0006762788334985331,0.0004991065421686147,0.00018923965764233258,0.001465137933208055,0.0020022391205247593,0.002962173437562804,0.005595608052225198,43,pre27,PE
265,0.0012340792757323921,0.03512946449538325,0.017869334641352735,0.009332774253200227,0.0035271192833416735,0.03175736033661948,0.06847325795389768,0.1559449554795035,0.24080464266798884,47,jan27,CE
259,0.0006429244227794107,0.025355954385102734,0.014612753090561913,0.008019012493908129,0.003935543951319163,0.030459129577357507,0.05098307949434058,0.09824794463738634,0.1819222457971307,47,jan27,PE
1052,8.768689162478239e-06,0.0029611972515315894,0.0015270345339398782,0.0008295213600605991,0.000626070670120733,0.00303980768624348,0.004942207916830003,0.015720647171571442,0.023676921789823585,47,pre27,CE
1045,1.6758427268637742e-06,0.0012945434434053476,0.0007363903742143386,0.00051287705853309,0.0001847073762140938,0.0014783422007587754,0.0019570726714889073,0.003797228116207258,0.022580267819128502,47,pre27,PE
265,0.0010003311540229044,0.031628012173118066,0.018667570741234478,0.009894552845802984,0.0009038715951294901,0.045428954271500885,0.07298713584196431,0.11501650901309118,0.18073531206730267,59,jan27,CE
259,0.002277991220432012,0.047728306280780716,0.022939260904661654,0.010052601897092561,-0.00495795792961911,0.05484777698995015,0.09403649805898487,0.18557928935312223,0.42263751158692076,59,jan27,PE
1052,8.959437645629267e-06,0.0029932319732405084,0.0015885776304162395,0.0008820727033944931,0.0006272918496726514,0.0032464465283662367,0.0057703626231695995,0.014055029064078139,0.028132605406060898,59,pre27,CE
1045,1.2328054025507861e-06,0.0011103177034303227,0.0006999098731500362,0.0005261149960129885,0.0002436168597184757,0.001408760675920784,0.0018937485966770222,0.003977026603737206,0.013050609514776823,59,pre27,PE
265,0.002580412799733531,0.050797763727683236,0.02019535587074077,0.008090319900981802,-0.006025348356017714,0.034759400569241636,0.0834435877447121,0.22345865711450702,0.4644275827702973,67,jan27,CE
259,0.0013156950099504489,0.036272510389418165,0.019698520304220438,0.008770430703415877,0.005403017394115622,0.04785880589981016,0.07870096776437767,0.14232535115082212,0.21850289303604797,67,jan27,PE
1052,1.2177831416217721e-05,0.0034896749728617594,0.001617748441768231,0.0008895429818882514,0.0007169630334403543,0.0029964369448146565,0.004999496581532494,0.015675349733109217,0.039549974174519095,67,pre27,CE
1045,1.0193954982695376e-06,0.0010096511765305567,0.000678970069032144,0.0004972626728851071,0.00022085626098458278,0.0013767023884868363,0.0019235282899786373,0.003929790754067423,0.0078666735065549,67,pre27,PE
265,0.0007534413936377494,0.027448886928940295,0.017013223000421976,0.009470696578593785,0.0009122074907230575,0.041665578627104745,0.05139641382288001,0.1066066205101849,0.12398513334202921,71,jan27,CE
259,0.0006677355280590438,0.02584057909682064,0.015835199246078433,0.008909615215644928,0.004178422311059841,0.03630000778614586,0.058153918584552655,0.10250511026574721,0.1358160613283586,71,jan27,PE
1052,1.1855587564941233e-05,0.003443194383844925,0.001571812717768658,0.0008405828225820575,0.0006443601816895873,0.0031649904317513316,0.005063266481438286,0.014131534260860081,0.039549974174519095,71,pre27,CE
1045,1.3972798069443593e-06,0.0011820659063454793,0.0007439476380850552,0.000521434467039894,0.00022526101078113356,0.0015487254395442295,0.0020571476197320925,0.00432615333963962,0.011034244010713498,71,pre27,PE
265,0.0013880902874636725,0.03725708372194035,0.021160075896791978,0.010044105659468006,0.0023133087288696326,0.05714487235418249,0.08242286989165608,0.14811275777389327,0.24759746285041243,83,jan27,CE
259,0.0016860104875473833,0.04106105804223003,0.0195658788765193,0.008797444350694572,0.001753160899470915,0.051118646264932587,0.06440431875323442,0.20764596601418184,0.3114047096053172,83,jan27,PE
1052,7.728907254593266e-06,0.0027800912313435447,0.0015024790949664042,0.0008676305559092018,0.0003810387475649017,0.0031267869968856056,0.005176220679870093,0.011303774641486429,0.025614927679105393,83,pre27,CE
1045,1.3781396724668493e-06,0.0011739419374342368,0.0007372523865780294,0.0004958676753964025,0.00021028747096373278,0.0014975638021373916,0.002196652703321877,0.004700471157627936,0.009026858017379208,83,pre27,PE
265,0.001472921441341396,0.03837865867043032,0.020657733997328332,0.009801696051614073,-0.001596924672269816,0.0475627890139333,0.07029628515454246,0.18521478929862534,0.26670145661076283,97,jan27,CE
259,0.0014496250633176347,0.038073942051193424,0.01962546601302618,0.009208174108416345,0.009131865806142883,0.03939056124075141,0.07663552837437673,0.18116610492472862,0.25299413388519065,97,jan27,PE
1052,9.328643873279791e-06,0.0030542828738150288,0.0015840931933024458,0.0008587605525313402,0.00038540430805732314,0.0032527645738586208,0.006047413145629988,0.01241480086827877,0.034010530736242606,97,pre27,CE
1045,1.2219384482520461e-06,0.0011054132477277654,0.0007382985903919791,0.0004993482089361845,0.0002350893575126781,0.001692701191956908,0.002335807489970459,0.004013338463741232,0.0069523064823799885,97,pre27,PE
