original_row_index,timestamp_idx_27jan,datetime,datetime_parsed,underlying_price,contract,option_type,strike,moneyness,iv
900,0.0,27-01-2026 09:15,2026-01-27 09:15:00,25113.05,NIFTY27JAN2625200CE,CE,25200,1.0034623432836713,0.27499
900,0.0,27-01-2026 09:15,2026-01-27 09:15:00,25113.05,NIFTY27JAN2625300CE,CE,25300,1.0074443367094001,0.30202
900,0.0,27-01-2026 09:15,2026-01-27 09:15:00,25113.05,NIFTY27JAN2625400CE,CE,25400,1.011426330135129,0.32281
900,0.0,27-01-2026 09:15,2026-01-27 09:15:00,25113.05,NIFTY27JAN2625500CE,CE,25500,1.0154083235608578,0.35058
900,0.0,27-01-2026 09:15,2026-01-27 09:15:00,25113.05,NIFTY27JAN2625600CE,CE,25600,1.0193903169865868,0.38461
900,0.0,27-01-2026 09:15,2026-01-27 09:15:00,25113.05,NIFTY27JAN2625700CE,CE,25700,1.0233723104123156,0.42786
900,0.0,27-01-2026 09:15,2026-01-27 09:15:00,25113.05,NIFTY27JAN2625800CE,CE,25800,1.0273543038380444,0.47824
900,0.0,27-01-2026 09:15,2026-01-27 09:15:00,25113.05,NIFTY27JAN2625900CE,CE,25900,1.0313362972637732,0.52453
900,0.0,27-01-2026 09:15,2026-01-27 09:15:00,25113.05,NIFTY27JAN2626000CE,CE,26000,1.0353182906895022,0.57367
900,0.0,27-01-2026 09:15,2026-01-27 09:15:00,25113.05,NIFTY27JAN2626100CE,CE,26100,1.039300284115231,0.62043
900,0.0,27-01-2026 09:15,2026-01-27 09:15:00,25113.05,NIFTY27JAN2626300CE,CE,26300,1.0472642709666886,0.70998
901,1.0,27-01-2026 09:20,2026-01-27 09:20:00,24981.3,NIFTY27JAN2625200CE,CE,25200,1.008754548402205,0.37173
901,1.0,27-01-2026 09:20,2026-01-27 09:20:00,24981.3,NIFTY27JAN2625300CE,CE,25300,1.0127575426418962,0.38093
901,1.0,27-01-2026 09:20,2026-01-27 09:20:00,24981.3,NIFTY27JAN2625800CE,CE,25800,1.0327725138403525,0.55918
901,1.0,27-01-2026 09:20,2026-01-27 09:20:00,24981.3,NIFTY27JAN2625900CE,CE,25900,1.0367755080800438,0.60764
901,1.0,27-01-2026 09:20,2026-01-27 09:20:00,24981.3,NIFTY27JAN2626000CE,CE,26000,1.0407785023197351,0.6609
901,1.0,27-01-2026 09:20,2026-01-27 09:20:00,24981.3,NIFTY27JAN2626100CE,CE,26100,1.0447814965594264,0.70752
901,1.0,27-01-2026 09:20,2026-01-27 09:20:00,24981.3,NIFTY27JAN2626200CE,CE,26200,1.0487844907991177,0.76109
901,1.0,27-01-2026 09:20,2026-01-27 09:20:00,24981.3,NIFTY27JAN2626300CE,CE,26300,1.052787485038809,0.80431
901,1.0,27-01-2026 09:20,2026-01-27 09:20:00,24981.3,NIFTY27JAN2626400CE,CE,26400,1.0567904792785003,0.84893
902,2.0,27-01-2026 09:25,2026-01-27 09:25:00,24940.7,NIFTY27JAN2625200CE,CE,25200,1.0103966608796064,0.41215
902,2.0,27-01-2026 09:25,2026-01-27 09:25:00,24940.7,NIFTY27JAN2625300CE,CE,25300,1.0144061714386525,0.41457
902,2.0,27-01-2026 09:25,2026-01-27 09:25:00,24940.7,NIFTY27JAN2625400CE,CE,25400,1.0184156819976986,0.42548
902,2.0,27-01-2026 09:25,2026-01-27 09:25:00,24940.7,NIFTY27JAN2625600CE,CE,25600,1.0264347031157905,0.4958
902,2.0,27-01-2026 09:25,2026-01-27 09:25:00,24940.7,NIFTY27JAN2625700CE,CE,25700,1.0304442136748366,0.53823
902,2.0,27-01-2026 09:25,2026-01-27 09:25:00,24940.7,NIFTY27JAN2625800CE,CE,25800,1.0344537242338827,0.58329
902,2.0,27-01-2026 09:25,2026-01-27 09:25:00,24940.7,NIFTY27JAN2626000CE,CE,26000,1.0424727453519749,0.6864
902,2.0,27-01-2026 09:25,2026-01-27 09:25:00,24940.7,NIFTY27JAN2626100CE,CE,26100,1.046482255911021,0.73837
902,2.0,27-01-2026 09:25,2026-01-27 09:25:00,24940.7,NIFTY27JAN2626200CE,CE,26200,1.050491766470067,0.78617
902,2.0,27-01-2026 09:25,2026-01-27 09:25:00,24940.7,NIFTY27JAN2626300CE,CE,26300,1.0545012770291131,0.83239
902,2.0,27-01-2026 09:25,2026-01-27 09:25:00,24940.7,NIFTY27JAN2626400CE,CE,26400,1.058510787588159,0.877
903,3.0,27-01-2026 09:30,2026-01-27 09:30:00,24944.4,NIFTY27JAN2625200CE,CE,25200,1.010246788858421,0.43418
903,3.0,27-01-2026 09:30,2026-01-27 09:30:00,24944.4,NIFTY27JAN2625300CE,CE,25300,1.0142557046872243,0.43019
903,3.0,27-01-2026 09:30,2026-01-27 09:30:00,24944.4,NIFTY27JAN2625500CE,CE,25500,1.0222735363448308,0.45789
903,3.0,27-01-2026 09:30,2026-01-27 09:30:00,24944.4,NIFTY27JAN2625700CE,CE,25700,1.0302913680024373,0.53966
903,3.0,27-01-2026 09:30,2026-01-27 09:30:00,24944.4,NIFTY27JAN2625900CE,CE,25900,1.038309199660044,0.63551
903,3.0,27-01-2026 09:30,2026-01-27 09:30:00,24944.4,NIFTY27JAN2626000CE,CE,26000,1.0423181154888472,0.68635
903,3.0,27-01-2026 09:30,2026-01-27 09:30:00,24944.4,NIFTY27JAN2626200CE,CE,26200,1.0503359471464537,0.79262
903,3.0,27-01-2026 09:30,2026-01-27 09:30:00,24944.4,NIFTY27JAN2626300CE,CE,26300,1.054344862975257,0.83608
903,3.0,27-01-2026 09:30,2026-01-27 09:30:00,24944.4,NIFTY27JAN2626500CE,CE,26500,1.0623626946328635,0.92433
904,4.0,27-01-2026 09:35,2026-01-27 09:35:00,25018.3,NIFTY27JAN2625200CE,CE,25200,1.0072626837155203,0.4495
904,4.0,27-01-2026 09:35,2026-01-27 09:35:00,25018.3,NIFTY27JAN2625300CE,CE,25300,1.0112597578572484,0.42747
904,4.0,27-01-2026 09:35,2026-01-27 09:35:00,25018.3,NIFTY27JAN2625400CE,CE,25400,1.0152568319989768,0.41019
904,4.0,27-01-2026 09:35,2026-01-27 09:35:00,25018.3,NIFTY27JAN2625500CE,CE,25500,1.019253906140705,0.42032
904,4.0,27-01-2026 09:35,2026-01-27 09:35:00,25018.3,NIFTY27JAN2625600CE,CE,25600,1.0232509802824332,0.45178
904,4.0,27-01-2026 09:35,2026-01-27 09:35:00,25018.3,NIFTY27JAN2625800CE,CE,25800,1.03124512856589,0.52925
904,4.0,27-01-2026 09:35,2026-01-27 09:35:00,25018.3,NIFTY27JAN2625900CE,CE,25900,1.035242202707618,0.57595
904,4.0,27-01-2026 09:35,2026-01-27 09:35:00,25018.3,NIFTY27JAN2626000CE,CE,26000,1.0392392768493464,0.62223
904,4.0,27-01-2026 09:35,2026-01-27 09:35:00,25018.3,NIFTY27JAN2626100CE,CE,26100,1.0432363509910745,0.67629
904,4.0,27-01-2026 09:35,2026-01-27 09:35:00,25018.3,NIFTY27JAN2626300CE,CE,26300,1.0512304992745312,0.77034
904,4.0,27-01-2026 09:35,2026-01-27 09:35:00,25018.3,NIFTY27JAN2626400CE,CE,26400,1.0552275734162593,0.81264
904,4.0,27-01-2026 09:35,2026-01-27 09:35:00,25018.3,NIFTY27JAN2626500CE,CE,26500,1.0592246475579876,0.85271
905,5.0,27-01-2026 09:40,2026-01-27 09:40:00,25090.85,NIFTY27JAN2625200CE,CE,25200,1.0043501914044364,0.4547
905,5.0,27-01-2026 09:40,2026-01-27 09:40:00,25090.85,NIFTY27JAN2625300CE,CE,25300,1.0083357080369937,0.4137
905,5.0,27-01-2026 09:40,2026-01-27 09:40:00,25090.85,NIFTY27JAN2625400CE,CE,25400,1.012321224669551,0.39014
905,5.0,27-01-2026 09:40,2026-01-27 09:40:00,25090.85,NIFTY27JAN2625500CE,CE,25500,1.0163067413021083,0.38476
905,5.0,27-01-2026 09:40,2026-01-27 09:40:00,25090.85,NIFTY27JAN2625600CE,CE,25600,1.0202922579346654,0.40993
905,5.0,27-01-2026 09:40,2026-01-27 09:40:00,25090.85,NIFTY27JAN2625700CE,CE,25700,1.0242777745672227,0.44455
905,5.0,27-01-2026 09:40,2026-01-27 09:40:00,25090.85,NIFTY27JAN2625800CE,CE,25800,1.02826329119978,0.48925
905,5.0,27-01-2026 09:40,2026-01-27 09:40:00,25090.85,NIFTY27JAN2625900CE,CE,25900,1.0322488078323373,0.53745
905,5.0,27-01-2026 09:40,2026-01-27 09:40:00,25090.85,NIFTY27JAN2626000CE,CE,26000,1.0362343244648946,0.58193
905,5.0,27-01-2026 09:40,2026-01-27 09:40:00,25090.85,NIFTY27JAN2626100CE,CE,26100,1.040219841097452,0.63655
905,5.0,27-01-2026 09:40,2026-01-27 09:40:00,25090.85,NIFTY27JAN2626200CE,CE,26200,1.0442053577300092,0.68678
905,5.0,27-01-2026 09:40,2026-01-27 09:40:00,25090.85,NIFTY27JAN2626300CE,CE,26300,1.0481908743625665,0.73576
905,5.0,27-01-2026 09:40,2026-01-27 09:40:00,25090.85,NIFTY27JAN2626400CE,CE,26400,1.0521763909951238,0.76941
905,5.0,27-01-2026 09:40,2026-01-27 09:40:00,25090.85,NIFTY27JAN2626500CE,CE,26500,1.0561619076276811,0.81462
906,6.0,27-01-2026 09:45,2026-01-27 09:45:00,25142.05,NIFTY27JAN2625200CE,CE,25200,1.0023049035380966,0.36816
906,6.0,27-01-2026 09:45,2026-01-27 09:45:00,25142.05,NIFTY27JAN2625300CE,CE,25300,1.0062823039489621,0.34955
906,6.0,27-01-2026 09:45,2026-01-27 09:45:00,25142.05,NIFTY27JAN2625400CE,CE,25400,1.0102597043598276,0.3373
906,6.0,27-01-2026 09:45,2026-01-27 09:45:00,25142.05,NIFTY27JAN2625500CE,CE,25500,1.0142371047706928,0.34272
906,6.0,27-01-2026 09:45,2026-01-27 09:45:00,25142.05,NIFTY27JAN2625700CE,CE,25700,1.0221919055924238,0.40126
906,6.0,27-01-2026 09:45,2026-01-27 09:45:00,25142.05,NIFTY27JAN2625800CE,CE,25800,1.0261693060032893,0.44811
906,6.0,27-01-2026 09:45,2026-01-27 09:45:00,25142.05,NIFTY27JAN2625900CE,CE,25900,1.0301467064141547,0.49461
906,6.0,27-01-2026 09:45,2026-01-27 09:45:00,25142.05,NIFTY27JAN2626000CE,CE,26000,1.0341241068250202,0.54701
906,6.0,27-01-2026 09:45,2026-01-27 09:45:00,25142.05,NIFTY27JAN2626100CE,CE,26100,1.0381015072358857,0.59015
906,6.0,27-01-2026 09:45,2026-01-27 09:45:00,25142.05,NIFTY27JAN2626400CE,CE,26400,1.050033708468482,0.74219
906,6.0,27-01-2026 09:45,2026-01-27 09:45:00,25142.05,NIFTY27JAN2626500CE,CE,26500,1.0540111088793476,0.78754
907,7.0,27-01-2026 09:50,2026-01-27 09:50:00,25142.45,NIFTY27JAN2625200CE,CE,25200,1.0022889575200506,0.34662
907,7.0,27-01-2026 09:50,2026-01-27 09:50:00,25142.45,NIFTY27JAN2625300CE,CE,25300,1.0062662946530667,0.32683
907,7.0,27-01-2026 09:50,2026-01-27 09:50:00,25142.45,NIFTY27JAN2625400CE,CE,25400,1.0102436317860828,0.31992
907,7.0,27-01-2026 09:50,2026-01-27 09:50:00,25142.45,NIFTY27JAN2625500CE,CE,25500,1.0142209689190989,0.32756
907,7.0,27-01-2026 09:50,2026-01-27 09:50:00,25142.45,NIFTY27JAN2625600CE,CE,25600,1.018198306052115,0.35831
907,7.0,27-01-2026 09:50,2026-01-27 09:50:00,25142.45,NIFTY27JAN2625700CE,CE,25700,1.022175643185131,0.39611
907,7.0,27-01-2026 09:50,2026-01-27 09:50:00,25142.45,NIFTY27JAN2625800CE,CE,25800,1.026152980318147,0.44871
907,7.0,27-01-2026 09:50,2026-01-27 09:50:00,25142.45,NIFTY27JAN2625900CE,CE,25900,1.0301303174511633,0.50094
907,7.0,27-01-2026 09:50,2026-01-27 09:50:00,25142.45,NIFTY27JAN2626000CE,CE,26000,1.0341076545841794,0.54737
907,7.0,27-01-2026 09:50,2026-01-27 09:50:00,25142.45,NIFTY27JAN2626100CE,CE,26100,1.0380849917171955,0.59426
907,7.0,27-01-2026 09:50,2026-01-27 09:50:00,25142.45,NIFTY27JAN2626200CE,CE,26200,1.0420623288502115,0.65191
907,7.0,27-01-2026 09:50,2026-01-27 09:50:00,25142.45,NIFTY27JAN2626400CE,CE,26400,1.0500170031162437,0.74216
907,7.0,27-01-2026 09:50,2026-01-27 09:50:00,25142.45,NIFTY27JAN2626500CE,CE,26500,1.0539943402492598,0.78114
908,8.0,27-01-2026 09:55,2026-01-27 09:55:00,25130.4,NIFTY27JAN2625200CE,CE,25200,1.002769554006303,0.32119
908,8.0,27-01-2026 09:55,2026-01-27 09:55:00,25130.4,NIFTY27JAN2625300CE,CE,25300,1.0067487982682328,0.31184
908,8.0,27-01-2026 09:55,2026-01-27 09:55:00,25130.4,NIFTY27JAN2625400CE,CE,25400,1.0107280425301626,0.31403
908,8.0,27-01-2026 09:55,2026-01-27 09:55:00,25130.4,NIFTY27JAN2625500CE,CE,25500,1.0147072867920923,0.32672
908,8.0,27-01-2026 09:55,2026-01-27 09:55:00,25130.4,NIFTY27JAN2625600CE,CE,25600,1.018686531054022,0.36179
908,8.0,27-01-2026 09:55,2026-01-27 09:55:00,25130.4,NIFTY27JAN2625800CE,CE,25800,1.0266450195778818,0.45679
908,8.0,27-01-2026 09:55,2026-01-27 09:55:00,25130.4,NIFTY27JAN2625900CE,CE,25900,1.0306242638398115,0.51181
908,8.0,27-01-2026 09:55,2026-01-27 09:55:00,25130.4,NIFTY27JAN2626100CE,CE,26100,1.038582752363671,0.61344
908,8.0,27-01-2026 09:55,2026-01-27 09:55:00,25130.4,NIFTY27JAN2626300CE,CE,26300,1.0465412408875305,0.71226
908,8.0,27-01-2026 09:55,2026-01-27 09:55:00,25130.4,NIFTY27JAN2626400CE,CE,26400,1.0505204851494603,0.75959
908,8.0,27-01-2026 09:55,2026-01-27 09:55:00,25130.4,NIFTY27JAN2626500CE,CE,26500,1.05449972941139,0.7934
909,9.0,27-01-2026 10:00,2026-01-27 10:00:00,25139.8,NIFTY27JAN2625200CE,CE,25200,1.0023946093445453,0.32443
909,9.0,27-01-2026 10:00,2026-01-27 10:00:00,25139.8,NIFTY27JAN2625500CE,CE,25500,1.0143278785034089,0.32502
909,9.0,27-01-2026 10:00,2026-01-27 10:00:00,25139.8,NIFTY27JAN2625700CE,CE,25700,1.0222833912759848,0.40375
909,9.0,27-01-2026 10:00,2026-01-27 10:00:00,25139.8,NIFTY27JAN2625900CE,CE,25900,1.0302389040485604,0.51008
909,9.0,27-01-2026 10:00,2026-01-27 10:00:00,25139.8,NIFTY27JAN2626000CE,CE,26000,1.0342166604348484,0.56064
909,9.0,27-01-2026 10:00,2026-01-27 10:00:00,25139.8,NIFTY27JAN2626200CE,CE,26200,1.042172173207424,0.66324
909,9.0,27-01-2026 10:00,2026-01-27 10:00:00,25139.8,NIFTY27JAN2626300CE,CE,26300,1.046149929593712,0.70756
910,10.0,27-01-2026 10:05,2026-01-27 10:05:00,25125.85,NIFTY27JAN2625200CE,CE,25200,1.002951143941399,0.30215
910,10.0,27-01-2026 10:05,2026-01-27 10:05:00,25125.85,NIFTY27JAN2625300CE,CE,25300,1.0069311087983093,0.29677
910,10.0,27-01-2026 10:05,2026-01-27 10:05:00,25125.85,NIFTY27JAN2625400CE,CE,25400,1.0109110736552196,0.30128
910,10.0,27-01-2026 10:05,2026-01-27 10:05:00,25125.85,NIFTY27JAN2625500CE,CE,25500,1.01489103851213,0.32297
910,10.0,27-01-2026 10:05,2026-01-27 10:05:00,25125.85,NIFTY27JAN2625600CE,CE,25600,1.0188710033690402,0.36228
910,10.0,27-01-2026 10:05,2026-01-27 10:05:00,25125.85,NIFTY27JAN2625700CE,CE,25700,1.0228509682259506,0.40899
910,10.0,27-01-2026 10:05,2026-01-27 10:05:00,25125.85,NIFTY27JAN2625800CE,CE,25800,1.0268309330828609,0.46656
910,10.0,27-01-2026 10:05,2026-01-27 10:05:00,25125.85,NIFTY27JAN2625900CE,CE,25900,1.0308108979397712,0.51932
910,10.0,27-01-2026 10:05,2026-01-27 10:05:00,25125.85,NIFTY27JAN2626000CE,CE,26000,1.0347908627966815,0.57315
910,10.0,27-01-2026 10:05,2026-01-27 10:05:00,25125.85,NIFTY27JAN2626100CE,CE,26100,1.0387708276535919,0.62148
910,10.0,27-01-2026 10:05,2026-01-27 10:05:00,25125.85,NIFTY27JAN2626200CE,CE,26200,1.0427507925105022,0.67629
910,10.0,27-01-2026 10:05,2026-01-27 10:05:00,25125.85,NIFTY27JAN2626300CE,CE,26300,1.0467307573674125,0.72081
910,10.0,27-01-2026 10:05,2026-01-27 10:05:00,25125.85,NIFTY27JAN2626500CE,CE,26500,1.0546906870812331,0.80129
911,11.0,27-01-2026 10:10,2026-01-27 10:10:00,25088.75,NIFTY27JAN2625200CE,CE,25200,1.0044342583827413,0.4075
911,11.0,27-01-2026 10:10,2026-01-27 10:10:00,25088.75,NIFTY27JAN2625400CE,CE,25400,1.0124059588460963,0.35823
911,11.0,27-01-2026 10:10,2026-01-27 10:10:00,25088.75,NIFTY27JAN2625500CE,CE,25500,1.016391809077774,0.36103
911,11.0,27-01-2026 10:10,2026-01-27 10:10:00,25088.75,NIFTY27JAN2625700CE,CE,25700,1.024363509541129,0.42782
911,11.0,27-01-2026 10:10,2026-01-27 10:10:00,25088.75,NIFTY27JAN2625800CE,CE,25800,1.0283493597728066,0.48428
911,11.0,27-01-2026 10:10,2026-01-27 10:10:00,25088.75,NIFTY27JAN2625900CE,CE,25900,1.032335210004484,0.53178
911,11.0,27-01-2026 10:10,2026-01-27 10:10:00,25088.75,NIFTY27JAN2626000CE,CE,26000,1.0363210602361617,0.58393
911,11.0,27-01-2026 10:10,2026-01-27 10:10:00,25088.75,NIFTY27JAN2626100CE,CE,26100,1.040306910467839,0.63445
911,11.0,27-01-2026 10:10,2026-01-27 10:10:00,25088.75,NIFTY27JAN2626200CE,CE,26200,1.0442927606995167,0.68859
911,11.0,27-01-2026 10:10,2026-01-27 10:10:00,25088.75,NIFTY27JAN2626300CE,CE,26300,1.0482786109311943,0.73067
911,11.0,27-01-2026 10:10,2026-01-27 10:10:00,25088.75,NIFTY27JAN2626400CE,CE,26400,1.0522644611628718,0.7829
911,11.0,27-01-2026 10:10,2026-01-27 10:10:00,25088.75,NIFTY27JAN2626500CE,CE,26500,1.0562503113945494,0.82034
912,12.0,27-01-2026 10:15,2026-01-27 10:15:00,25129.65,NIFTY27JAN2625200CE,CE,25200,1.0027994818869344,0.43897
912,12.0,27-01-2026 10:15,2026-01-27 10:15:00,25129.65,NIFTY27JAN2625300CE,CE,25300,1.0067788449102952,0.39066
912,12.0,27-01-2026 10:15,2026-01-27 10:15:00,25129.65,NIFTY27JAN2625400CE,CE,25400,1.010758207933656,0.36472
912,12.0,27-01-2026 10:15,2026-01-27 10:15:00,25129.65,NIFTY27JAN2625500CE,CE,25500,1.0147375709570168,0.36018
912,12.0,27-01-2026 10:15,2026-01-27 10:15:00,25129.65,NIFTY27JAN2625600CE,CE,25600,1.0187169339803777,0.38258
912,12.0,27-01-2026 10:15,2026-01-27 10:15:00,25129.65,NIFTY27JAN2625700CE,CE,25700,1.0226962970037385,0.41304
912,12.0,27-01-2026 10:15,2026-01-27 10:15:00,25129.65,NIFTY27JAN2625900CE,CE,25900,1.0306550230504603,0.51171
912,12.0,27-01-2026 10:15,2026-01-27 10:15:00,25129.65,NIFTY27JAN2626000CE,CE,26000,1.0346343860738212,0.56872
912,12.0,27-01-2026 10:15,2026-01-27 10:15:00,25129.65,NIFTY27JAN2626100CE,CE,26100,1.0386137490971818,0.61118
912,12.0,27-01-2026 10:15,2026-01-27 10:15:00,25129.65,NIFTY27JAN2626200CE,CE,26200,1.0425931121205427,0.66561
912,12.0,27-01-2026 10:15,2026-01-27 10:15:00,25129.65,NIFTY27JAN2626300CE,CE,26300,1.0465724751439036,0.71362
912,12.0,27-01-2026 10:15,2026-01-27 10:15:00,25129.65,NIFTY27JAN2626400CE,CE,26400,1.0505518381672645,0.75313
912,12.0,27-01-2026 10:15,2026-01-27 10:15:00,25129.65,NIFTY27JAN2626500CE,CE,26500,1.0545312011906254,0.79688
913,13.0,27-01-2026 10:20,2026-01-27 10:20:00,25170.2,NIFTY27JAN2625200CE,CE,25200,1.0011839397382618,0.32589
913,13.0,27-01-2026 10:20,2026-01-27 10:20:00,25170.2,NIFTY27JAN2625300CE,CE,25300,1.0051568918800804,0.30563
913,13.0,27-01-2026 10:20,2026-01-27 10:20:00,25170.2,NIFTY27JAN2625500CE,CE,25500,1.0131027961637173,0.31025
913,13.0,27-01-2026 10:20,2026-01-27 10:20:00,25170.2,NIFTY27JAN2625600CE,CE,25600,1.017075748305536,0.34257
913,13.0,27-01-2026 10:20,2026-01-27 10:20:00,25170.2,NIFTY27JAN2625700CE,CE,25700,1.0210487004473543,0.38807
913,13.0,27-01-2026 10:20,2026-01-27 10:20:00,25170.2,NIFTY27JAN2625900CE,CE,25900,1.0289946047309915,0.49493
913,13.0,27-01-2026 10:20,2026-01-27 10:20:00,25170.2,NIFTY27JAN2626000CE,CE,26000,1.0329675568728098,0.553
913,13.0,27-01-2026 10:20,2026-01-27 10:20:00,25170.2,NIFTY27JAN2626100CE,CE,26100,1.0369405090146284,0.59737
913,13.0,27-01-2026 10:20,2026-01-27 10:20:00,25170.2,NIFTY27JAN2626200CE,CE,26200,1.0409134611564468,0.65279
913,13.0,27-01-2026 10:20,2026-01-27 10:20:00,25170.2,NIFTY27JAN2626300CE,CE,26300,1.0448864132982654,0.69651
913,13.0,27-01-2026 10:20,2026-01-27 10:20:00,25170.2,NIFTY27JAN2626400CE,CE,26400,1.048859365440084,0.74989
913,13.0,27-01-2026 10:20,2026-01-27 10:20:00,25170.2,NIFTY27JAN2626500CE,CE,26500,1.0528323175819023,0.78886
914,14.0,27-01-2026 10:25,2026-01-27 10:25:00,25164.05,NIFTY27JAN2625200CE,CE,25200,1.0014286253603852,0.25371
914,14.0,27-01-2026 10:25,2026-01-27 10:25:00,25164.05,NIFTY27JAN2625300CE,CE,25300,1.0054025484768947,0.26218
914,14.0,27-01-2026 10:25,2026-01-27 10:25:00,25164.05,NIFTY27JAN2625400CE,CE,25400,1.0093764715934042,0.27617
914,14.0,27-01-2026 10:25,2026-01-27 10:25:00,25164.05,NIFTY27JAN2625500CE,CE,25500,1.0133503947099136,0.30173
914,14.0,27-01-2026 10:25,2026-01-27 10:25:00,25164.05,NIFTY27JAN2625600CE,CE,25600,1.017324317826423,0.34283
914,14.0,27-01-2026 10:25,2026-01-27 10:25:00,25164.05,NIFTY27JAN2625700CE,CE,25700,1.0212982409429325,0.39283
914,14.0,27-01-2026 10:25,2026-01-27 10:25:00,25164.05,NIFTY27JAN2625800CE,CE,25800,1.025272164059442,0.4492
914,14.0,27-01-2026 10:25,2026-01-27 10:25:00,25164.05,NIFTY27JAN2625900CE,CE,25900,1.0292460871759515,0.50273
914,14.0,27-01-2026 10:25,2026-01-27 10:25:00,25164.05,NIFTY27JAN2626100CE,CE,26100,1.0371939334089704,0.60586
914,14.0,27-01-2026 10:25,2026-01-27 10:25:00,25164.05,NIFTY27JAN2626200CE,CE,26200,1.0411678565254798,0.67118
914,14.0,27-01-2026 10:25,2026-01-27 10:25:00,25164.05,NIFTY27JAN2626500CE,CE,26500,1.0530896258750082,0.79871
915,15.0,27-01-2026 10:30,2026-01-27 10:30:00,25123.35,NIFTY27JAN2625200CE,CE,25200,1.003050946629331,0.3273
915,15.0,27-01-2026 10:30,2026-01-27 10:30:00,25123.35,NIFTY27JAN2625300CE,CE,25300,1.0070313075286537,0.31534
915,15.0,27-01-2026 10:30,2026-01-27 10:30:00,25123.35,NIFTY27JAN2625500CE,CE,25500,1.0149920293272992,0.33808
915,15.0,27-01-2026 10:30,2026-01-27 10:30:00,25123.35,NIFTY27JAN2625700CE,CE,25700,1.0229527511259446,0.42491
915,15.0,27-01-2026 10:30,2026-01-27 10:30:00,25123.35,NIFTY27JAN2625800CE,CE,25800,1.0269331120252674,0.48153
915,15.0,27-01-2026 10:30,2026-01-27 10:30:00,25123.35,NIFTY27JAN2626000CE,CE,26000,1.0348938338239129,0.58658
915,15.0,27-01-2026 10:30,2026-01-27 10:30:00,25123.35,NIFTY27JAN2626100CE,CE,26100,1.0388741947232356,0.63961
915,15.0,27-01-2026 10:30,2026-01-27 10:30:00,25123.35,NIFTY27JAN2626300CE,CE,26300,1.046834916521881,0.7464
915,15.0,27-01-2026 10:30,2026-01-27 10:30:00,25123.35,NIFTY27JAN2626400CE,CE,26400,1.0508152774212038,0.79521
915,15.0,27-01-2026 10:30,2026-01-27 10:30:00,25123.35,NIFTY27JAN2626500CE,CE,26500,1.0547956383205266,0.83545
916,16.0,27-01-2026 10:35,2026-01-27 10:35:00,25122.35,NIFTY27JAN2625400CE,CE,25400,1.0110519119429513,0.3076
916,16.0,27-01-2026 10:35,2026-01-27 10:35:00,25122.35,NIFTY27JAN2625500CE,CE,25500,1.0150324312813093,0.33586
916,16.0,27-01-2026 10:35,2026-01-27 10:35:00,25122.35,NIFTY27JAN2625600CE,CE,25600,1.0190129506196675,0.37908
916,16.0,27-01-2026 10:35,2026-01-27 10:35:00,25122.35,NIFTY27JAN2625800CE,CE,25800,1.0269739892963836,0.48624
916,16.0,27-01-2026 10:35,2026-01-27 10:35:00,25122.35,NIFTY27JAN2625900CE,CE,25900,1.0309545086347416,0.54057
916,16.0,27-01-2026 10:35,2026-01-27 10:35:00,25122.35,NIFTY27JAN2626000CE,CE,26000,1.0349350279730998,0.58795
916,16.0,27-01-2026 10:35,2026-01-27 10:35:00,25122.35,NIFTY27JAN2626100CE,CE,26100,1.0389155473114577,0.64561
916,16.0,27-01-2026 10:35,2026-01-27 10:35:00,25122.35,NIFTY27JAN2626200CE,CE,26200,1.042896066649816,0.7025
916,16.0,27-01-2026 10:35,2026-01-27 10:35:00,25122.35,NIFTY27JAN2626300CE,CE,26300,1.046876585988174,0.74763
916,16.0,27-01-2026 10:35,2026-01-27 10:35:00,25122.35,NIFTY27JAN2626400CE,CE,26400,1.050857105326532,0.79619
916,16.0,27-01-2026 10:35,2026-01-27 10:35:00,25122.35,NIFTY27JAN2626500CE,CE,26500,1.05483762466489,0.82755
917,17.0,27-01-2026 10:40,2026-01-27 10:40:00,25095.65,NIFTY27JAN2625300CE,CE,25300,1.0081428454732193,0.27705
917,17.0,27-01-2026 10:40,2026-01-27 10:40:00,25095.65,NIFTY27JAN2625400CE,CE,25400,1.0121275998031531,0.30858
917,17.0,27-01-2026 10:40,2026-01-27 10:40:00,25095.65,NIFTY27JAN2625500CE,CE,25500,1.0161123541330868,0.34517
917,17.0,27-01-2026 10:40,2026-01-27 10:40:00,25095.65,NIFTY27JAN2625600CE,CE,25600,1.0200971084630204,0.39676
917,17.0,27-01-2026 10:40,2026-01-27 10:40:00,25095.65,NIFTY27JAN2625800CE,CE,25800,1.0280666171228878,0.5135
917,17.0,27-01-2026 10:40,2026-01-27 10:40:00,25095.65,NIFTY27JAN2625900CE,CE,25900,1.0320513714528214,0.57223
917,17.0,27-01-2026 10:40,2026-01-27 10:40:00,25095.65,NIFTY27JAN2626000CE,CE,26000,1.036036125782755,0.62559
917,17.0,27-01-2026 10:40,2026-01-27 10:40:00,25095.65,NIFTY27JAN2626300CE,CE,26300,1.0479903887725561,0.7755
917,17.0,27-01-2026 10:40,2026-01-27 10:40:00,25095.65,NIFTY27JAN2626400CE,CE,26400,1.0519751431024897,0.82494
917,17.0,27-01-2026 10:40,2026-01-27 10:40:00,25095.65,NIFTY27JAN2626500CE,CE,26500,1.0559598974324236,0.87277
918,18.0,27-01-2026 10:45,2026-01-27 10:45:00,25027.6,NIFTY27JAN2625200CE,CE,25200,1.0068883952116863,0.33335
918,18.0,27-01-2026 10:45,2026-01-27 10:45:00,25027.6,NIFTY27JAN2625300CE,CE,25300,1.010883984081574,0.33817
918,18.0,27-01-2026 10:45,2026-01-27 10:45:00,25027.6,NIFTY27JAN2625400CE,CE,25400,1.0148795729514617,0.35486
918,18.0,27-01-2026 10:45,2026-01-27 10:45:00,25027.6,NIFTY27JAN2625600CE,CE,25600,1.022870750691237,0.44222
918,18.0,27-01-2026 10:45,2026-01-27 10:45:00,25027.6,NIFTY27JAN2625700CE,CE,25700,1.0268663395611246,0.49912
918,18.0,27-01-2026 10:45,2026-01-27 10:45:00,25027.6,NIFTY27JAN2625800CE,CE,25800,1.0308619284310123,0.5557
918,18.0,27-01-2026 10:45,2026-01-27 10:45:00,25027.6,NIFTY27JAN2625900CE,CE,25900,1.0348575173008998,0.61343
918,18.0,27-01-2026 10:45,2026-01-27 10:45:00,25027.6,NIFTY27JAN2626000CE,CE,26000,1.0388531061707875,0.66951
918,18.0,27-01-2026 10:45,2026-01-27 10:45:00,25027.6,NIFTY27JAN2626100CE,CE,26100,1.0428486950406752,0.72857
918,18.0,27-01-2026 10:45,2026-01-27 10:45:00,25027.6,NIFTY27JAN2626300CE,CE,26300,1.0508398727804504,0.82268
918,18.0,27-01-2026 10:45,2026-01-27 10:45:00,25027.6,NIFTY27JAN2626500CE,CE,26500,1.0588310505202256,0.91224
919,19.0,27-01-2026 10:50,2026-01-27 10:50:00,25020.95,NIFTY27JAN2625300CE,CE,25300,1.0111526540758844,0.3311
919,19.0,27-01-2026 10:50,2026-01-27 10:50:00,25020.95,NIFTY27JAN2625500CE,CE,25500,1.0191459556891325,0.41388
919,19.0,27-01-2026 10:50,2026-01-27 10:50:00,25020.95,NIFTY27JAN2625600CE,CE,25600,1.0231426064957565,0.46816
919,19.0,27-01-2026 10:50,2026-01-27 10:50:00,25020.95,NIFTY27JAN2625800CE,CE,25800,1.0311359081090046,0.58347
919,19.0,27-01-2026 10:50,2026-01-27 10:50:00,25020.95,NIFTY27JAN2625900CE,CE,25900,1.0351325589156286,0.63393
919,19.0,27-01-2026 10:50,2026-01-27 10:50:00,25020.95,NIFTY27JAN2626000CE,CE,26000,1.0391292097222526,0.67963
919,19.0,27-01-2026 10:50,2026-01-27 10:50:00,25020.95,NIFTY27JAN2626100CE,CE,26100,1.0431258605288767,0.74791
919,19.0,27-01-2026 10:50,2026-01-27 10:50:00,25020.95,NIFTY27JAN2626200CE,CE,26200,1.0471225113355007,0.8027
919,19.0,27-01-2026 10:50,2026-01-27 10:50:00,25020.95,NIFTY27JAN2626300CE,CE,26300,1.051119162142125,0.8509
919,19.0,27-01-2026 10:50,2026-01-27 10:50:00,25020.95,NIFTY27JAN2626400CE,CE,26400,1.055115812948749,0.89024
919,19.0,27-01-2026 10:50,2026-01-27 10:50:00,25020.95,NIFTY27JAN2626500CE,CE,26500,1.059112463755373,0.94593
920,20.0,27-01-2026 10:55,2026-01-27 10:55:00,24997.0,NIFTY27JAN2625200CE,CE,25200,1.008120974516942,0.3272
920,20.0,27-01-2026 10:55,2026-01-27 10:55:00,24997.0,NIFTY27JAN2625500CE,CE,25500,1.0201224146897627,0.4288
920,20.0,27-01-2026 10:55,2026-01-27 10:55:00,24997.0,NIFTY27JAN2625700CE,CE,25700,1.0281233748049765,0.53983
920,20.0,27-01-2026 10:55,2026-01-27 10:55:00,24997.0,NIFTY27JAN2625800CE,CE,25800,1.0321238548625835,0.59563
920,20.0,27-01-2026 10:55,2026-01-27 10:55:00,24997.0,NIFTY27JAN2625900CE,CE,25900,1.0361243349201905,0.64794
920,20.0,27-01-2026 10:55,2026-01-27 10:55:00,24997.0,NIFTY27JAN2626000CE,CE,26000,1.0401248149777973,0.70518
920,20.0,27-01-2026 10:55,2026-01-27 10:55:00,24997.0,NIFTY27JAN2626100CE,CE,26100,1.0441252950354043,0.76982
920,20.0,27-01-2026 10:55,2026-01-27 10:55:00,24997.0,NIFTY27JAN2626200CE,CE,26200,1.048125775093011,0.81506
920,20.0,27-01-2026 10:55,2026-01-27 10:55:00,24997.0,NIFTY27JAN2626300CE,CE,26300,1.052126255150618,0.8733
920,20.0,27-01-2026 10:55,2026-01-27 10:55:00,24997.0,NIFTY27JAN2626500CE,CE,26500,1.0601272152658319,0.97544
921,21.0,27-01-2026 11:00,2026-01-27 11:00:00,24984.95,NIFTY27JAN2625500CE,CE,25500,1.0206144098747445,0.44337
921,21.0,27-01-2026 11:00,2026-01-27 11:00:00,24984.95,NIFTY27JAN2625600CE,CE,25600,1.0246168193252339,0.49355
921,21.0,27-01-2026 11:00,2026-01-27 11:00:00,24984.95,NIFTY27JAN2625700CE,CE,25700,1.028619228775723,0.55304
921,21.0,27-01-2026 11:00,2026-01-27 11:00:00,24984.95,NIFTY27JAN2625800CE,CE,25800,1.0326216382262121,0.60914
921,21.0,27-01-2026 11:00,2026-01-27 11:00:00,24984.95,NIFTY27JAN2625900CE,CE,25900,1.0366240476767012,0.66918
921,21.0,27-01-2026 11:00,2026-01-27 11:00:00,24984.95,NIFTY27JAN2626000CE,CE,26000,1.0406264571271906,0.7194
921,21.0,27-01-2026 11:00,2026-01-27 11:00:00,24984.95,NIFTY27JAN2626100CE,CE,26100,1.0446288665776797,0.7846
921,21.0,27-01-2026 11:00,2026-01-27 11:00:00,24984.95,NIFTY27JAN2626200CE,CE,26200,1.0486312760281689,0.83519
921,21.0,27-01-2026 11:00,2026-01-27 11:00:00,24984.95,NIFTY27JAN2626400CE,CE,26400,1.0566360949291473,0.94099
921,21.0,27-01-2026 11:00,2026-01-27 11:00:00,24984.95,NIFTY27JAN2626500CE,CE,26500,1.0606385043796365,0.99173
922,22.0,27-01-2026 11:05,2026-01-27 11:05:00,25008.55,NIFTY27JAN2625200CE,CE,25200,1.007655381859404,0.35938
922,22.0,27-01-2026 11:05,2026-01-27 11:05:00,25008.55,NIFTY27JAN2625400CE,CE,25400,1.0156526467947962,0.39529
922,22.0,27-01-2026 11:05,2026-01-27 11:05:00,25008.55,NIFTY27JAN2625500CE,CE,25500,1.0196512792624923,0.43643
922,22.0,27-01-2026 11:05,2026-01-27 11:05:00,25008.55,NIFTY27JAN2625600CE,CE,25600,1.0236499117301883,0.48808
922,22.0,27-01-2026 11:05,2026-01-27 11:05:00,25008.55,NIFTY27JAN2625800CE,CE,25800,1.0316471766655804,0.60524
922,22.0,27-01-2026 11:05,2026-01-27 11:05:00,25008.55,NIFTY27JAN2625900CE,CE,25900,1.0356458091332765,0.65624
922,22.0,27-01-2026 11:05,2026-01-27 11:05:00,25008.55,NIFTY27JAN2626000CE,CE,26000,1.0396444416009725,0.71909
922,22.0,27-01-2026 11:05,2026-01-27 11:05:00,25008.55,NIFTY27JAN2626100CE,CE,26100,1.0436430740686686,0.77679
922,22.0,27-01-2026 11:05,2026-01-27 11:05:00,25008.55,NIFTY27JAN2626200CE,CE,26200,1.0476417065363646,0.83301
922,22.0,27-01-2026 11:05,2026-01-27 11:05:00,25008.55,NIFTY27JAN2626300CE,CE,26300,1.0516403390040607,0.88779
922,22.0,27-01-2026 11:05,2026-01-27 11:05:00,25008.55,NIFTY27JAN2626400CE,CE,26400,1.0556389714717567,0.93527
922,22.0,27-01-2026 11:05,2026-01-27 11:05:00,25008.55,NIFTY27JAN2626500CE,CE,26500,1.0596376039394528,0.98664
923,23.0,27-01-2026 11:10,2026-01-27 11:10:00,25017.35,NIFTY27JAN2625200CE,CE,25200,1.0073009331523923,0.35447
923,23.0,27-01-2026 11:10,2026-01-27 11:10:00,25017.35,NIFTY27JAN2625400CE,CE,25400,1.0152953850028081,0.3917
923,23.0,27-01-2026 11:10,2026-01-27 11:10:00,25017.35,NIFTY27JAN2625600CE,CE,25600,1.023289836853224,0.48639
923,23.0,27-01-2026 11:10,2026-01-27 11:10:00,25017.35,NIFTY27JAN2625700CE,CE,25700,1.0272870627784318,0.54371
923,23.0,27-01-2026 11:10,2026-01-27 11:10:00,25017.35,NIFTY27JAN2625900CE,CE,25900,1.0352815146288477,0.66031
923,23.0,27-01-2026 11:10,2026-01-27 11:10:00,25017.35,NIFTY27JAN2626000CE,CE,26000,1.0392787405540556,0.71616
923,23.0,27-01-2026 11:10,2026-01-27 11:10:00,25017.35,NIFTY27JAN2626100CE,CE,26100,1.0432759664792635,0.78283
923,23.0,27-01-2026 11:10,2026-01-27 11:10:00,25017.35,NIFTY27JAN2626200CE,CE,26200,1.0472731924044714,0.83535
923,23.0,27-01-2026 11:10,2026-01-27 11:10:00,25017.35,NIFTY27JAN2626300CE,CE,26300,1.0512704183296793,0.90092
923,23.0,27-01-2026 11:10,2026-01-27 11:10:00,25017.35,NIFTY27JAN2626400CE,CE,26400,1.0552676442548872,0.94465
924,24.0,27-01-2026 11:15,2026-01-27 11:15:00,25024.0,NIFTY27JAN2625200CE,CE,25200,1.0070332480818414,0.36044
924,24.0,27-01-2026 11:15,2026-01-27 11:15:00,25024.0,NIFTY27JAN2625300CE,CE,25300,1.0110294117647058,0.36747
924,24.0,27-01-2026 11:15,2026-01-27 11:15:00,25024.0,NIFTY27JAN2625400CE,CE,25400,1.0150255754475703,0.38888
924,24.0,27-01-2026 11:15,2026-01-27 11:15:00,25024.0,NIFTY27JAN2625500CE,CE,25500,1.0190217391304348,0.42815
924,24.0,27-01-2026 11:15,2026-01-27 11:15:00,25024.0,NIFTY27JAN2625600CE,CE,25600,1.0230179028132993,0.48191
924,24.0,27-01-2026 11:15,2026-01-27 11:15:00,25024.0,NIFTY27JAN2625700CE,CE,25700,1.0270140664961638,0.53609
924,24.0,27-01-2026 11:15,2026-01-27 11:15:00,25024.0,NIFTY27JAN2625800CE,CE,25800,1.031010230179028,0.59681
924,24.0,27-01-2026 11:15,2026-01-27 11:15:00,25024.0,NIFTY27JAN2625900CE,CE,25900,1.0350063938618925,0.65096
924,24.0,27-01-2026 11:15,2026-01-27 11:15:00,25024.0,NIFTY27JAN2626000CE,CE,26000,1.039002557544757,0.70102
924,24.0,27-01-2026 11:15,2026-01-27 11:15:00,25024.0,NIFTY27JAN2626100CE,CE,26100,1.0429987212276215,0.77263
924,24.0,27-01-2026 11:15,2026-01-27 11:15:00,25024.0,NIFTY27JAN2626200CE,CE,26200,1.046994884910486,0.82914
924,24.0,27-01-2026 11:15,2026-01-27 11:15:00,25024.0,NIFTY27JAN2626300CE,CE,26300,1.0509910485933505,0.88409
924,24.0,27-01-2026 11:15,2026-01-27 11:15:00,25024.0,NIFTY27JAN2626500CE,CE,26500,1.0589833759590792,0.9822
925,25.0,27-01-2026 11:20,2026-01-27 11:20:00,25044.9,NIFTY27JAN2625200CE,CE,25200,1.006192877591845,0.32104
925,25.0,27-01-2026 11:20,2026-01-27 11:20:00,25044.9,NIFTY27JAN2625400CE,CE,25400,1.0141785353505104,0.36439
925,25.0,27-01-2026 11:20,2026-01-27 11:20:00,25044.9,NIFTY27JAN2625500CE,CE,25500,1.0181713642298431,0.41123
925,25.0,27-01-2026 11:20,2026-01-27 11:20:00,25044.9,NIFTY27JAN2625600CE,CE,25600,1.0221641931091758,0.46217
925,25.0,27-01-2026 11:20,2026-01-27 11:20:00,25044.9,NIFTY27JAN2625700CE,CE,25700,1.0261570219885086,0.52086
925,25.0,27-01-2026 11:20,2026-01-27 11:20:00,25044.9,NIFTY27JAN2625800CE,CE,25800,1.0301498508678413,0.58499
925,25.0,27-01-2026 11:20,2026-01-27 11:20:00,25044.9,NIFTY27JAN2625900CE,CE,25900,1.034142679747174,0.63522
925,25.0,27-01-2026 11:20,2026-01-27 11:20:00,25044.9,NIFTY27JAN2626000CE,CE,26000,1.0381355086265067,0.69429
925,25.0,27-01-2026 11:20,2026-01-27 11:20:00,25044.9,NIFTY27JAN2626200CE,CE,26200,1.0461211663851722,0.81298
925,25.0,27-01-2026 11:20,2026-01-27 11:20:00,25044.9,NIFTY27JAN2626300CE,CE,26300,1.0501139952645049,0.87951
925,25.0,27-01-2026 11:20,2026-01-27 11:20:00,25044.9,NIFTY27JAN2626400CE,CE,26400,1.0541068241438376,0.92713
925,25.0,27-01-2026 11:20,2026-01-27 11:20:00,25044.9,NIFTY27JAN2626500CE,CE,26500,1.0580996530231703,0.96345
926,26.0,27-01-2026 11:25,2026-01-27 11:25:00,25036.65,NIFTY27JAN2625200CE,CE,25200,1.006524435178029,0.36696
926,26.0,27-01-2026 11:25,2026-01-27 11:25:00,25036.65,NIFTY27JAN2625300CE,CE,25300,1.0105185797620688,0.36749
926,26.0,27-01-2026 11:25,2026-01-27 11:25:00,25036.65,NIFTY27JAN2625400CE,CE,25400,1.0145127243461085,0.38782
926,26.0,27-01-2026 11:25,2026-01-27 11:25:00,25036.65,NIFTY27JAN2625500CE,CE,25500,1.0185068689301484,0.42691
926,26.0,27-01-2026 11:25,2026-01-27 11:25:00,25036.65,NIFTY27JAN2625700CE,CE,25700,1.026495158098228,0.52892
926,26.0,27-01-2026 11:25,2026-01-27 11:25:00,25036.65,NIFTY27JAN2625800CE,CE,25800,1.0304893026822677,0.58582
926,26.0,27-01-2026 11:25,2026-01-27 11:25:00,25036.65,NIFTY27JAN2625900CE,CE,25900,1.0344834472663076,0.63827
926,26.0,27-01-2026 11:25,2026-01-27 11:25:00,25036.65,NIFTY27JAN2626000CE,CE,26000,1.0384775918503473,0.6913
926,26.0,27-01-2026 11:25,2026-01-27 11:25:00,25036.65,NIFTY27JAN2626100CE,CE,26100,1.0424717364343872,0.76463
926,26.0,27-01-2026 11:25,2026-01-27 11:25:00,25036.65,NIFTY27JAN2626200CE,CE,26200,1.0464658810184269,0.8207
926,26.0,27-01-2026 11:25,2026-01-27 11:25:00,25036.65,NIFTY27JAN2626300CE,CE,26300,1.0504600256024668,0.88782
926,26.0,27-01-2026 11:25,2026-01-27 11:25:00,25036.65,NIFTY27JAN2626400CE,CE,26400,1.0544541701865064,0.93488
927,27.0,27-01-2026 11:30,2026-01-27 11:30:00,25078.55,NIFTY27JAN2625200CE,CE,25200,1.0048427839727576,0.30177
927,27.0,27-01-2026 11:30,2026-01-27 11:30:00,25078.55,NIFTY27JAN2625300CE,CE,25300,1.0088302553377289,0.31892
927,27.0,27-01-2026 11:30,2026-01-27 11:30:00,25078.55,NIFTY27JAN2625400CE,CE,25400,1.0128177267027,0.34583
927,27.0,27-01-2026 11:30,2026-01-27 11:30:00,25078.55,NIFTY27JAN2625500CE,CE,25500,1.0168051980676713,0.39147
927,27.0,27-01-2026 11:30,2026-01-27 11:30:00,25078.55,NIFTY27JAN2625700CE,CE,25700,1.024780140797614,0.50143
927,27.0,27-01-2026 11:30,2026-01-27 11:30:00,25078.55,NIFTY27JAN2625800CE,CE,25800,1.0287676121625853,0.55908
927,27.0,27-01-2026 11:30,2026-01-27 11:30:00,25078.55,NIFTY27JAN2626000CE,CE,26000,1.0367425548925278,0.67088
927,27.0,27-01-2026 11:30,2026-01-27 11:30:00,25078.55,NIFTY27JAN2626100CE,CE,26100,1.040730026257499,0.73376
927,27.0,27-01-2026 11:30,2026-01-27 11:30:00,25078.55,NIFTY27JAN2626300CE,CE,26300,1.0487049689874415,0.85717
927,27.0,27-01-2026 11:30,2026-01-27 11:30:00,25078.55,NIFTY27JAN2626400CE,CE,26400,1.0526924403524127,0.91064
927,27.0,27-01-2026 11:30,2026-01-27 11:30:00,25078.55,NIFTY27JAN2626500CE,CE,26500,1.056679911717384,0.95374
928,28.0,27-01-2026 11:35,2026-01-27 11:35:00,25074.65,NIFTY27JAN2625300CE,CE,25300,1.0089871643273185,0.34012
928,28.0,27-01-2026 11:35,2026-01-27 11:35:00,25074.65,NIFTY27JAN2625400CE,CE,25400,1.0129752558859246,0.35804
928,28.0,27-01-2026 11:35,2026-01-27 11:35:00,25074.65,NIFTY27JAN2625500CE,CE,25500,1.0169633474445305,0.39528
928,28.0,27-01-2026 11:35,2026-01-27 11:35:00,25074.65,NIFTY27JAN2625600CE,CE,25600,1.0209514390031367,0.436
928,28.0,27-01-2026 11:35,2026-01-27 11:35:00,25074.65,NIFTY27JAN2625700CE,CE,25700,1.0249395305617426,0.49221
928,28.0,27-01-2026 11:35,2026-01-27 11:35:00,25074.65,NIFTY27JAN2625800CE,CE,25800,1.0289276221203485,0.55529
928,28.0,27-01-2026 11:35,2026-01-27 11:35:00,25074.65,NIFTY27JAN2625900CE,CE,25900,1.0329157136789546,0.60544
928,28.0,27-01-2026 11:35,2026-01-27 11:35:00,25074.65,NIFTY27JAN2626000CE,CE,26000,1.0369038052375605,0.66896
928,28.0,27-01-2026 11:35,2026-01-27 11:35:00,25074.65,NIFTY27JAN2626100CE,CE,26100,1.0408918967961667,0.73161
928,28.0,27-01-2026 11:35,2026-01-27 11:35:00,25074.65,NIFTY27JAN2626200CE,CE,26200,1.0448799883547726,0.79348
928,28.0,27-01-2026 11:35,2026-01-27 11:35:00,25074.65,NIFTY27JAN2626300CE,CE,26300,1.0488680799133785,0.84687
928,28.0,27-01-2026 11:35,2026-01-27 11:35:00,25074.65,NIFTY27JAN2626400CE,CE,26400,1.0528561714719846,0.91508
928,28.0,27-01-2026 11:35,2026-01-27 11:35:00,25074.65,NIFTY27JAN2626500CE,CE,26500,1.0568442630305905,0.94711
929,29.0,27-01-2026 11:40,2026-01-27 11:40:00,25088.45,NIFTY27JAN2625200CE,CE,25200,1.0044462690999245,0.51292
929,29.0,27-01-2026 11:40,2026-01-27 11:40:00,25088.45,NIFTY27JAN2625300CE,CE,25300,1.0084321669931782,0.44935
929,29.0,27-01-2026 11:40,2026-01-27 11:40:00,25088.45,NIFTY27JAN2625400CE,CE,25400,1.0124180648864318,0.42746
929,29.0,27-01-2026 11:40,2026-01-27 11:40:00,25088.45,NIFTY27JAN2625500CE,CE,25500,1.0164039627796855,0.43359
929,29.0,27-01-2026 11:40,2026-01-27 11:40:00,25088.45,NIFTY27JAN2625600CE,CE,25600,1.0203898606729391,0.45344
929,29.0,27-01-2026 11:40,2026-01-27 11:40:00,25088.45,NIFTY27JAN2625700CE,CE,25700,1.0243757585661928,0.48777
929,29.0,27-01-2026 11:40,2026-01-27 11:40:00,25088.45,NIFTY27JAN2625800CE,CE,25800,1.0283616564594464,0.54722
929,29.0,27-01-2026 11:40,2026-01-27 11:40:00,25088.45,NIFTY27JAN2625900CE,CE,25900,1.0323475543527,0.59689
929,29.0,27-01-2026 11:40,2026-01-27 11:40:00,25088.45,NIFTY27JAN2626100CE,CE,26100,1.0403193501392074,0.70847
929,29.0,27-01-2026 11:40,2026-01-27 11:40:00,25088.45,NIFTY27JAN2626200CE,CE,26200,1.044305248032461,0.76042
929,29.0,27-01-2026 11:40,2026-01-27 11:40:00,25088.45,NIFTY27JAN2626400CE,CE,26400,1.0522770438189684,0.86804
929,29.0,27-01-2026 11:40,2026-01-27 11:40:00,25088.45,NIFTY27JAN2626500CE,CE,26500,1.0562629417122222,0.91268
930,30.0,27-01-2026 11:45,2026-01-27 11:45:00,25159.6,NIFTY27JAN2625200CE,CE,25200,1.0016057488990286,0.26014
930,30.0,27-01-2026 11:45,2026-01-27 11:45:00,25159.6,NIFTY27JAN2625300CE,CE,25300,1.0055803748867231,0.2794
930,30.0,27-01-2026 11:45,2026-01-27 11:45:00,25159.6,NIFTY27JAN2625400CE,CE,25400,1.0095550008744179,0.30133
930,30.0,27-01-2026 11:45,2026-01-27 11:45:00,25159.6,NIFTY27JAN2625500CE,CE,25500,1.0135296268621123,0.33437
930,30.0,27-01-2026 11:45,2026-01-27 11:45:00,25159.6,NIFTY27JAN2625600CE,CE,25600,1.0175042528498068,0.37354
930,30.0,27-01-2026 11:45,2026-01-27 11:45:00,25159.6,NIFTY27JAN2625700CE,CE,25700,1.0214788788375015,0.43836
930,30.0,27-01-2026 11:45,2026-01-27 11:45:00,25159.6,NIFTY27JAN2625800CE,CE,25800,1.025453504825196,0.49435
930,30.0,27-01-2026 11:45,2026-01-27 11:45:00,25159.6,NIFTY27JAN2625900CE,CE,25900,1.0294281308128905,0.54956
930,30.0,27-01-2026 11:45,2026-01-27 11:45:00,25159.6,NIFTY27JAN2626000CE,CE,26000,1.033402756800585,0.60709
930,30.0,27-01-2026 11:45,2026-01-27 11:45:00,25159.6,NIFTY27JAN2626200CE,CE,26200,1.0413520087759742,0.73216
930,30.0,27-01-2026 11:45,2026-01-27 11:45:00,25159.6,NIFTY27JAN2626300CE,CE,26300,1.0453266347636687,0.78416
930,30.0,27-01-2026 11:45,2026-01-27 11:45:00,25159.6,NIFTY27JAN2626500CE,CE,26500,1.053275886739058,0.86457
931,31.0,27-01-2026 11:50,2026-01-27 11:50:00,25103.25,NIFTY27JAN2625200CE,CE,25200,1.0038540826387021,0.3271
931,31.0,27-01-2026 11:50,2026-01-27 11:50:00,25103.25,NIFTY27JAN2625300CE,CE,25300,1.007837630585681,0.32609
931,31.0,27-01-2026 11:50,2026-01-27 11:50:00,25103.25,NIFTY27JAN2625400CE,CE,25400,1.01182117853266,0.3415
931,31.0,27-01-2026 11:50,2026-01-27 11:50:00,25103.25,NIFTY27JAN2625500CE,CE,25500,1.015804726479639,0.37589
931,31.0,27-01-2026 11:50,2026-01-27 11:50:00,25103.25,NIFTY27JAN2625600CE,CE,25600,1.019788274426618,0.41313
931,31.0,27-01-2026 11:50,2026-01-27 11:50:00,25103.25,NIFTY27JAN2625800CE,CE,25800,1.027755370320576,0.53389
931,31.0,27-01-2026 11:50,2026-01-27 11:50:00,25103.25,NIFTY27JAN2625900CE,CE,25900,1.031738918267555,0.59395
931,31.0,27-01-2026 11:50,2026-01-27 11:50:00,25103.25,NIFTY27JAN2626100CE,CE,26100,1.0397060141615129,0.69661
931,31.0,27-01-2026 11:50,2026-01-27 11:50:00,25103.25,NIFTY27JAN2626200CE,CE,26200,1.0436895621084918,0.77721
931,31.0,27-01-2026 11:50,2026-01-27 11:50:00,25103.25,NIFTY27JAN2626300CE,CE,26300,1.0476731100554708,0.81837
931,31.0,27-01-2026 11:50,2026-01-27 11:50:00,25103.25,NIFTY27JAN2626400CE,CE,26400,1.0516566580024498,0.87825
931,31.0,27-01-2026 11:50,2026-01-27 11:50:00,25103.25,NIFTY27JAN2626500CE,CE,26500,1.0556402059494288,0.92405
932,32.0,27-01-2026 11:55,2026-01-27 11:55:00,25084.4,NIFTY27JAN2625300CE,CE,25300,1.0085949833362566,0.37526
932,32.0,27-01-2026 11:55,2026-01-27 11:55:00,25084.4,NIFTY27JAN2625500CE,CE,25500,1.0165680662084802,0.4052
932,32.0,27-01-2026 11:55,2026-01-27 11:55:00,25084.4,NIFTY27JAN2625600CE,CE,25600,1.0205546076445917,0.43891
932,32.0,27-01-2026 11:55,2026-01-27 11:55:00,25084.4,NIFTY27JAN2625700CE,CE,25700,1.0245411490807035,0.49008
932,32.0,27-01-2026 11:55,2026-01-27 11:55:00,25084.4,NIFTY27JAN2625800CE,CE,25800,1.0285276905168153,0.55875
932,32.0,27-01-2026 11:55,2026-01-27 11:55:00,25084.4,NIFTY27JAN2625900CE,CE,25900,1.0325142319529268,0.60674
932,32.0,27-01-2026 11:55,2026-01-27 11:55:00,25084.4,NIFTY27JAN2626000CE,CE,26000,1.0365007733890386,0.66333
932,32.0,27-01-2026 11:55,2026-01-27 11:55:00,25084.4,NIFTY27JAN2626100CE,CE,26100,1.0404873148251503,0.71693
932,32.0,27-01-2026 11:55,2026-01-27 11:55:00,25084.4,NIFTY27JAN2626200CE,CE,26200,1.0444738562612619,0.79863
932,32.0,27-01-2026 11:55,2026-01-27 11:55:00,25084.4,NIFTY27JAN2626300CE,CE,26300,1.0484603976973736,0.85098
932,32.0,27-01-2026 11:55,2026-01-27 11:55:00,25084.4,NIFTY27JAN2626400CE,CE,26400,1.0524469391334852,0.91214
933,33.0,27-01-2026 12:00,2026-01-27 12:00:00,25100.25,NIFTY27JAN2625200CE,CE,25200,1.0039740640033465,0.3932
933,33.0,27-01-2026 12:00,2026-01-27 12:00:00,25100.25,NIFTY27JAN2625300CE,CE,25300,1.007958088066852,0.37693
933,33.0,27-01-2026 12:00,2026-01-27 12:00:00,25100.25,NIFTY27JAN2625400CE,CE,25400,1.0119421121303573,0.37919
933,33.0,27-01-2026 12:00,2026-01-27 12:00:00,25100.25,NIFTY27JAN2625600CE,CE,25600,1.019910160257368,0.44151
933,33.0,27-01-2026 12:00,2026-01-27 12:00:00,25100.25,NIFTY27JAN2625700CE,CE,25700,1.0238941843208733,0.49354
933,33.0,27-01-2026 12:00,2026-01-27 12:00:00,25100.25,NIFTY27JAN2625800CE,CE,25800,1.0278782083843787,0.5541
933,33.0,27-01-2026 12:00,2026-01-27 12:00:00,25100.25,NIFTY27JAN2625900CE,CE,25900,1.0318622324478839,0.60307
933,33.0,27-01-2026 12:00,2026-01-27 12:00:00,25100.25,NIFTY27JAN2626000CE,CE,26000,1.0358462565113893,0.65156
933,33.0,27-01-2026 12:00,2026-01-27 12:00:00,25100.25,NIFTY27JAN2626200CE,CE,26200,1.0438143046384,0.77765
933,33.0,27-01-2026 12:00,2026-01-27 12:00:00,25100.25,NIFTY27JAN2626300CE,CE,26300,1.0477983287019053,0.82725
934,34.0,27-01-2026 12:05,2026-01-27 12:05:00,25122.5,NIFTY27JAN2625200CE,CE,25200,1.0030848840680664,0.35913
934,34.0,27-01-2026 12:05,2026-01-27 12:05:00,25122.5,NIFTY27JAN2625300CE,CE,25300,1.007065379639765,0.347
934,34.0,27-01-2026 12:05,2026-01-27 12:05:00,25122.5,NIFTY27JAN2625400CE,CE,25400,1.0110458752114637,0.35271
934,34.0,27-01-2026 12:05,2026-01-27 12:05:00,25122.5,NIFTY27JAN2625500CE,CE,25500,1.0150263707831626,0.37884
934,34.0,27-01-2026 12:05,2026-01-27 12:05:00,25122.5,NIFTY27JAN2625600CE,CE,25600,1.0190068663548613,0.42015
934,34.0,27-01-2026 12:05,2026-01-27 12:05:00,25122.5,NIFTY27JAN2625700CE,CE,25700,1.02298736192656,0.47865
934,34.0,27-01-2026 12:05,2026-01-27 12:05:00,25122.5,NIFTY27JAN2625800CE,CE,25800,1.0269678574982586,0.53933
934,34.0,27-01-2026 12:05,2026-01-27 12:05:00,25122.5,NIFTY27JAN2626000CE,CE,26000,1.034928848641656,0.65344
934,34.0,27-01-2026 12:05,2026-01-27 12:05:00,25122.5,NIFTY27JAN2626100CE,CE,26100,1.0389093442133546,0.69809
934,34.0,27-01-2026 12:05,2026-01-27 12:05:00,25122.5,NIFTY27JAN2626200CE,CE,26200,1.0428898397850532,0.78273
934,34.0,27-01-2026 12:05,2026-01-27 12:05:00,25122.5,NIFTY27JAN2626300CE,CE,26300,1.046870335356752,0.82285
934,34.0,27-01-2026 12:05,2026-01-27 12:05:00,25122.5,NIFTY27JAN2626400CE,CE,26400,1.0508508309284506,0.89728
935,35.0,27-01-2026 12:10,2026-01-27 12:10:00,25117.85,NIFTY27JAN2625200CE,CE,25200,1.0032705824742165,0.37709
935,35.0,27-01-2026 12:10,2026-01-27 12:10:00,25117.85,NIFTY27JAN2625300CE,CE,25300,1.0072518149443523,0.3605
935,35.0,27-01-2026 12:10,2026-01-27 12:10:00,25117.85,NIFTY27JAN2625400CE,CE,25400,1.0112330474144882,0.36361
935,35.0,27-01-2026 12:10,2026-01-27 12:10:00,25117.85,NIFTY27JAN2625500CE,CE,25500,1.015214279884624,0.38941
935,35.0,27-01-2026 12:10,2026-01-27 12:10:00,25117.85,NIFTY27JAN2625600CE,CE,25600,1.0191955123547598,0.42902
935,35.0,27-01-2026 12:10,2026-01-27 12:10:00,25117.85,NIFTY27JAN2625800CE,CE,25800,1.0271579772950312,0.55495
935,35.0,27-01-2026 12:10,2026-01-27 12:10:00,25117.85,NIFTY27JAN2625900CE,CE,25900,1.031139209765167,0.59802
935,35.0,27-01-2026 12:10,2026-01-27 12:10:00,25117.85,NIFTY27JAN2626000CE,CE,26000,1.0351204422353029,0.66477
935,35.0,27-01-2026 12:10,2026-01-27 12:10:00,25117.85,NIFTY27JAN2626100CE,CE,26100,1.0391016747054387,0.72079
935,35.0,27-01-2026 12:10,2026-01-27 12:10:00,25117.85,NIFTY27JAN2626200CE,CE,26200,1.0430829071755745,0.78509
935,35.0,27-01-2026 12:10,2026-01-27 12:10:00,25117.85,NIFTY27JAN2626300CE,CE,26300,1.04706413964571,0.84864
935,35.0,27-01-2026 12:10,2026-01-27 12:10:00,25117.85,NIFTY27JAN2626500CE,CE,26500,1.0550266045859817,0.95972
936,36.0,27-01-2026 12:15,2026-01-27 12:15:00,25117.6,NIFTY27JAN2625200CE,CE,25200,1.0032805682071535,0.30765
936,36.0,27-01-2026 12:15,2026-01-27 12:15:00,25117.6,NIFTY27JAN2625300CE,CE,25300,1.0072618403032136,0.31365
936,36.0,27-01-2026 12:15,2026-01-27 12:15:00,25117.6,NIFTY27JAN2625400CE,CE,25400,1.0112431123992738,0.33785
936,36.0,27-01-2026 12:15,2026-01-27 12:15:00,25117.6,NIFTY27JAN2625500CE,CE,25500,1.015224384495334,0.38075
936,36.0,27-01-2026 12:15,2026-01-27 12:15:00,25117.6,NIFTY27JAN2625600CE,CE,25600,1.019205656591394,0.438
936,36.0,27-01-2026 12:15,2026-01-27 12:15:00,25117.6,NIFTY27JAN2625700CE,CE,25700,1.0231869286874542,0.49899
936,36.0,27-01-2026 12:15,2026-01-27 12:15:00,25117.6,NIFTY27JAN2625800CE,CE,25800,1.0271682007835143,0.56222
936,36.0,27-01-2026 12:15,2026-01-27 12:15:00,25117.6,NIFTY27JAN2625900CE,CE,25900,1.0311494728795745,0.62062
936,36.0,27-01-2026 12:15,2026-01-27 12:15:00,25117.6,NIFTY27JAN2626100CE,CE,26100,1.0391120170716948,0.73016
936,36.0,27-01-2026 12:15,2026-01-27 12:15:00,25117.6,NIFTY27JAN2626300CE,CE,26300,1.047074561263815,0.84696
936,36.0,27-01-2026 12:15,2026-01-27 12:15:00,25117.6,NIFTY27JAN2626400CE,CE,26400,1.0510558333598752,0.9233
936,36.0,27-01-2026 12:15,2026-01-27 12:15:00,25117.6,NIFTY27JAN2626500CE,CE,26500,1.0550371054559353,0.97212
937,37.0,27-01-2026 12:20,2026-01-27 12:20:00,25109.2,NIFTY27JAN2625200CE,CE,25200,1.0036162044190973,0.39454
937,37.0,27-01-2026 12:20,2026-01-27 12:20:00,25109.2,NIFTY27JAN2625400CE,CE,25400,1.0115814123906774,0.37656
937,37.0,27-01-2026 12:20,2026-01-27 12:20:00,25109.2,NIFTY27JAN2625500CE,CE,25500,1.0155640163764676,0.40138
937,37.0,27-01-2026 12:20,2026-01-27 12:20:00,25109.2,NIFTY27JAN2625700CE,CE,25700,1.0235292243480476,0.51201
937,37.0,27-01-2026 12:20,2026-01-27 12:20:00,25109.2,NIFTY27JAN2625800CE,CE,25800,1.0275118283338378,0.57587
937,37.0,27-01-2026 12:20,2026-01-27 12:20:00,25109.2,NIFTY27JAN2625900CE,CE,25900,1.0314944323196278,0.62761
937,37.0,27-01-2026 12:20,2026-01-27 12:20:00,25109.2,NIFTY27JAN2626000CE,CE,26000,1.035477036305418,0.68817
937,37.0,27-01-2026 12:20,2026-01-27 12:20:00,25109.2,NIFTY27JAN2626100CE,CE,26100,1.039459640291208,0.73425
937,37.0,27-01-2026 12:20,2026-01-27 12:20:00,25109.2,NIFTY27JAN2626200CE,CE,26200,1.043442244276998,0.81144
937,37.0,27-01-2026 12:20,2026-01-27 12:20:00,25109.2,NIFTY27JAN2626300CE,CE,26300,1.0474248482627881,0.8637
937,37.0,27-01-2026 12:20,2026-01-27 12:20:00,25109.2,NIFTY27JAN2626400CE,CE,26400,1.0514074522485781,0.94107
937,37.0,27-01-2026 12:20,2026-01-27 12:20:00,25109.2,NIFTY27JAN2626500CE,CE,26500,1.0553900562343683,0.99043
938,38.0,27-01-2026 12:25,2026-01-27 12:25:00,25134.2,NIFTY27JAN2625200CE,CE,25200,1.0026179468612488,0.27995
938,38.0,27-01-2026 12:25,2026-01-27 12:25:00,25134.2,NIFTY27JAN2625300CE,CE,25300,1.0065965895075235,0.29513
938,38.0,27-01-2026 12:25,2026-01-27 12:25:00,25134.2,NIFTY27JAN2625500CE,CE,25500,1.014553874800073,0.37419
938,38.0,27-01-2026 12:25,2026-01-27 12:25:00,25134.2,NIFTY27JAN2625600CE,CE,25600,1.018532517446348,0.42935
938,38.0,27-01-2026 12:25,2026-01-27 12:25:00,25134.2,NIFTY27JAN2625700CE,CE,25700,1.0225111600926227,0.4948
938,38.0,27-01-2026 12:25,2026-01-27 12:25:00,25134.2,NIFTY27JAN2625800CE,CE,25800,1.0264898027388976,0.56462
938,38.0,27-01-2026 12:25,2026-01-27 12:25:00,25134.2,NIFTY27JAN2626000CE,CE,26000,1.0344470880314471,0.67951
938,38.0,27-01-2026 12:25,2026-01-27 12:25:00,25134.2,NIFTY27JAN2626100CE,CE,26100,1.038425730677722,0.73799
938,38.0,27-01-2026 12:25,2026-01-27 12:25:00,25134.2,NIFTY27JAN2626200CE,CE,26200,1.0424043733239967,0.81575
938,38.0,27-01-2026 12:25,2026-01-27 12:25:00,25134.2,NIFTY27JAN2626300CE,CE,26300,1.0463830159702716,0.85823
938,38.0,27-01-2026 12:25,2026-01-27 12:25:00,25134.2,NIFTY27JAN2626400CE,CE,26400,1.0503616586165463,0.94879
938,38.0,27-01-2026 12:25,2026-01-27 12:25:00,25134.2,NIFTY27JAN2626500CE,CE,26500,1.0543403012628212,0.98686
939,39.0,27-01-2026 12:30,2026-01-27 12:30:00,25098.2,NIFTY27JAN2625200CE,CE,25200,1.004056067765816,0.34532
939,39.0,27-01-2026 12:30,2026-01-27 12:30:00,25098.2,NIFTY27JAN2625400CE,CE,25400,1.0120247667163382,0.36118
939,39.0,27-01-2026 12:30,2026-01-27 12:30:00,25098.2,NIFTY27JAN2625500CE,CE,25500,1.0160091161915994,0.4013
939,39.0,27-01-2026 12:30,2026-01-27 12:30:00,25098.2,NIFTY27JAN2625600CE,CE,25600,1.0199934656668606,0.45691
939,39.0,27-01-2026 12:30,2026-01-27 12:30:00,25098.2,NIFTY27JAN2625700CE,CE,25700,1.0239778151421217,0.52494
939,39.0,27-01-2026 12:30,2026-01-27 12:30:00,25098.2,NIFTY27JAN2625800CE,CE,25800,1.0279621646173829,0.59417
939,39.0,27-01-2026 12:30,2026-01-27 12:30:00,25098.2,NIFTY27JAN2625900CE,CE,25900,1.031946514092644,0.66049
939,39.0,27-01-2026 12:30,2026-01-27 12:30:00,25098.2,NIFTY27JAN2626000CE,CE,26000,1.0359308635679052,0.71503
939,39.0,27-01-2026 12:30,2026-01-27 12:30:00,25098.2,NIFTY27JAN2626100CE,CE,26100,1.0399152130431664,0.76211
939,39.0,27-01-2026 12:30,2026-01-27 12:30:00,25098.2,NIFTY27JAN2626200CE,CE,26200,1.0438995625184275,0.84146
939,39.0,27-01-2026 12:30,2026-01-27 12:30:00,25098.2,NIFTY27JAN2626300CE,CE,26300,1.0478839119936887,0.89501
939,39.0,27-01-2026 12:30,2026-01-27 12:30:00,25098.2,NIFTY27JAN2626400CE,CE,26400,1.0518682614689499,0.98724
939,39.0,27-01-2026 12:30,2026-01-27 12:30:00,25098.2,NIFTY27JAN2626500CE,CE,26500,1.055852610944211,1.00813
940,40.0,27-01-2026 12:35,2026-01-27 12:35:00,25099.65,NIFTY27JAN2625200CE,CE,25200,1.00399806371802,0.32818
940,40.0,27-01-2026 12:35,2026-01-27 12:35:00,25099.65,NIFTY27JAN2625300CE,CE,25300,1.0079821830184883,0.3356
940,40.0,27-01-2026 12:35,2026-01-27 12:35:00,25099.65,NIFTY27JAN2625400CE,CE,25400,1.0119663023189567,0.36352
940,40.0,27-01-2026 12:35,2026-01-27 12:35:00,25099.65,NIFTY27JAN2625500CE,CE,25500,1.0159504216194248,0.41336
940,40.0,27-01-2026 12:35,2026-01-27 12:35:00,25099.65,NIFTY27JAN2625600CE,CE,25600,1.0199345409198932,0.47017
940,40.0,27-01-2026 12:35,2026-01-27 12:35:00,25099.65,NIFTY27JAN2625700CE,CE,25700,1.0239186602203616,0.53637
940,40.0,27-01-2026 12:35,2026-01-27 12:35:00,25099.65,NIFTY27JAN2625900CE,CE,25900,1.0318868988212981,0.66877
940,40.0,27-01-2026 12:35,2026-01-27 12:35:00,25099.65,NIFTY27JAN2626000CE,CE,26000,1.0358710181217665,0.72412
940,40.0,27-01-2026 12:35,2026-01-27 12:35:00,25099.65,NIFTY27JAN2626200CE,CE,26200,1.0438392567227033,0.86377
940,40.0,27-01-2026 12:35,2026-01-27 12:35:00,25099.65,NIFTY27JAN2626300CE,CE,26300,1.0478233760231717,0.92022
940,40.0,27-01-2026 12:35,2026-01-27 12:35:00,25099.65,NIFTY27JAN2626400CE,CE,26400,1.0518074953236398,1.00022
940,40.0,27-01-2026 12:35,2026-01-27 12:35:00,25099.65,NIFTY27JAN2626500CE,CE,26500,1.0557916146241082,1.03866
941,41.0,27-01-2026 12:40,2026-01-27 12:40:00,25084.95,NIFTY27JAN2625300CE,CE,25300,1.0085728693898133,0.35756
941,41.0,27-01-2026 12:40,2026-01-27 12:40:00,25084.95,NIFTY27JAN2625400CE,CE,25400,1.0125593234190222,0.3851
941,41.0,27-01-2026 12:40,2026-01-27 12:40:00,25084.95,NIFTY27JAN2625500CE,CE,25500,1.016545777448231,0.43265
941,41.0,27-01-2026 12:40,2026-01-27 12:40:00,25084.95,NIFTY27JAN2625600CE,CE,25600,1.0205322314774397,0.48939
941,41.0,27-01-2026 12:40,2026-01-27 12:40:00,25084.95,NIFTY27JAN2625700CE,CE,25700,1.0245186855066484,0.55081
941,41.0,27-01-2026 12:40,2026-01-27 12:40:00,25084.95,NIFTY27JAN2625800CE,CE,25800,1.028505139535857,0.61517
941,41.0,27-01-2026 12:40,2026-01-27 12:40:00,25084.95,NIFTY27JAN2626100CE,CE,26100,1.0404645016234835,0.81686
941,41.0,27-01-2026 12:40,2026-01-27 12:40:00,25084.95,NIFTY27JAN2626200CE,CE,26200,1.0444509556526922,0.87549
941,41.0,27-01-2026 12:40,2026-01-27 12:40:00,25084.95,NIFTY27JAN2626400CE,CE,26400,1.0524238637111096,0.99762
941,41.0,27-01-2026 12:40,2026-01-27 12:40:00,25084.95,NIFTY27JAN2626500CE,CE,26500,1.0564103177403183,1.04657
942,42.0,27-01-2026 12:45,2026-01-27 12:45:00,25083.9,NIFTY27JAN2625300CE,CE,25300,1.0086150877654592,0.33588
942,42.0,27-01-2026 12:45,2026-01-27 12:45:00,25083.9,NIFTY27JAN2625400CE,CE,25400,1.0126017086657177,0.38006
942,42.0,27-01-2026 12:45,2026-01-27 12:45:00,25083.9,NIFTY27JAN2625500CE,CE,25500,1.0165883295659766,0.43751
942,42.0,27-01-2026 12:45,2026-01-27 12:45:00,25083.9,NIFTY27JAN2625600CE,CE,25600,1.0205749504662354,0.49765
942,42.0,27-01-2026 12:45,2026-01-27 12:45:00,25083.9,NIFTY27JAN2625800CE,CE,25800,1.0285481922667528,0.63201
942,42.0,27-01-2026 12:45,2026-01-27 12:45:00,25083.9,NIFTY27JAN2626000CE,CE,26000,1.0365214340672702,0.76706
942,42.0,27-01-2026 12:45,2026-01-27 12:45:00,25083.9,NIFTY27JAN2626100CE,CE,26100,1.040508054967529,0.82994
942,42.0,27-01-2026 12:45,2026-01-27 12:45:00,25083.9,NIFTY27JAN2626300CE,CE,26300,1.0484812967680464,0.94517
942,42.0,27-01-2026 12:45,2026-01-27 12:45:00,25083.9,NIFTY27JAN2626400CE,CE,26400,1.0524679176683052,1.0283
942,42.0,27-01-2026 12:45,2026-01-27 12:45:00,25083.9,NIFTY27JAN2626500CE,CE,26500,1.0564545385685638,1.06306
943,43.0,27-01-2026 12:50,2026-01-27 12:50:00,25065.25,NIFTY27JAN2625200CE,CE,25200,1.0053759687216366,0.3993
943,43.0,27-01-2026 12:50,2026-01-27 12:50:00,25065.25,NIFTY27JAN2625300CE,CE,25300,1.0093655558991033,0.39715
943,43.0,27-01-2026 12:50,2026-01-27 12:50:00,25065.25,NIFTY27JAN2625400CE,CE,25400,1.0133551430765702,0.42182
943,43.0,27-01-2026 12:50,2026-01-27 12:50:00,25065.25,NIFTY27JAN2625500CE,CE,25500,1.017344730254037,0.46947
943,43.0,27-01-2026 12:50,2026-01-27 12:50:00,25065.25,NIFTY27JAN2625600CE,CE,25600,1.0213343174315037,0.52555
943,43.0,27-01-2026 12:50,2026-01-27 12:50:00,25065.25,NIFTY27JAN2625700CE,CE,25700,1.0253239046089706,0.59988
943,43.0,27-01-2026 12:50,2026-01-27 12:50:00,25065.25,NIFTY27JAN2625800CE,CE,25800,1.0293134917864375,0.66958
943,43.0,27-01-2026 12:50,2026-01-27 12:50:00,25065.25,NIFTY27JAN2626000CE,CE,26000,1.037292666141371,0.78377
943,43.0,27-01-2026 12:50,2026-01-27 12:50:00,25065.25,NIFTY27JAN2626100CE,CE,26100,1.0412822533188377,0.85703
943,43.0,27-01-2026 12:50,2026-01-27 12:50:00,25065.25,NIFTY27JAN2626300CE,CE,26300,1.0492614276737715,0.98798
943,43.0,27-01-2026 12:50,2026-01-27 12:50:00,25065.25,NIFTY27JAN2626400CE,CE,26400,1.0532510148512382,1.04271
944,44.0,27-01-2026 12:55,2026-01-27 12:55:00,25094.45,NIFTY27JAN2625200CE,CE,25200,1.004206109318993,0.33154
944,44.0,27-01-2026 12:55,2026-01-27 12:55:00,25094.45,NIFTY27JAN2625300CE,CE,25300,1.0081910541972428,0.3502
944,44.0,27-01-2026 12:55,2026-01-27 12:55:00,25094.45,NIFTY27JAN2625400CE,CE,25400,1.0121759990754928,0.3889
944,44.0,27-01-2026 12:55,2026-01-27 12:55:00,25094.45,NIFTY27JAN2625700CE,CE,25700,1.0241308337102426,0.58448
944,44.0,27-01-2026 12:55,2026-01-27 12:55:00,25094.45,NIFTY27JAN2625900CE,CE,25900,1.0321007234667425,0.71484
944,44.0,27-01-2026 12:55,2026-01-27 12:55:00,25094.45,NIFTY27JAN2626000CE,CE,26000,1.0360856683449926,0.77353
944,44.0,27-01-2026 12:55,2026-01-27 12:55:00,25094.45,NIFTY27JAN2626100CE,CE,26100,1.0400706132232425,0.84815
944,44.0,27-01-2026 12:55,2026-01-27 12:55:00,25094.45,NIFTY27JAN2626300CE,CE,26300,1.0480405029797426,0.98176
944,44.0,27-01-2026 12:55,2026-01-27 12:55:00,25094.45,NIFTY27JAN2626400CE,CE,26400,1.0520254478579925,1.05306
944,44.0,27-01-2026 12:55,2026-01-27 12:55:00,25094.45,NIFTY27JAN2626500CE,CE,26500,1.0560103927362425,1.10751
945,45.0,27-01-2026 13:00,2026-01-27 13:00:00,25087.35,NIFTY27JAN2625200CE,CE,25200,1.0044903108538765,0.32893
945,45.0,27-01-2026 13:00,2026-01-27 13:00:00,25087.35,NIFTY27JAN2625300CE,CE,25300,1.0084763835159951,0.348
945,45.0,27-01-2026 13:00,2026-01-27 13:00:00,25087.35,NIFTY27JAN2625500CE,CE,25500,1.0164485288402323,0.45282
945,45.0,27-01-2026 13:00,2026-01-27 13:00:00,25087.35,NIFTY27JAN2625600CE,CE,25600,1.0204346015023509,0.52299
945,45.0,27-01-2026 13:00,2026-01-27 13:00:00,25087.35,NIFTY27JAN2625700CE,CE,25700,1.0244206741644695,0.58998
945,45.0,27-01-2026 13:00,2026-01-27 13:00:00,25087.35,NIFTY27JAN2625800CE,CE,25800,1.028406746826588,0.66662
945,45.0,27-01-2026 13:00,2026-01-27 13:00:00,25087.35,NIFTY27JAN2625900CE,CE,25900,1.0323928194887064,0.72416
945,45.0,27-01-2026 13:00,2026-01-27 13:00:00,25087.35,NIFTY27JAN2626100CE,CE,26100,1.0403649648129436,0.86777
945,45.0,27-01-2026 13:00,2026-01-27 13:00:00,25087.35,NIFTY27JAN2626200CE,CE,26200,1.0443510374750622,0.94264
945,45.0,27-01-2026 13:00,2026-01-27 13:00:00,25087.35,NIFTY27JAN2626300CE,CE,26300,1.0483371101371808,1.00345
945,45.0,27-01-2026 13:00,2026-01-27 13:00:00,25087.35,NIFTY27JAN2626400CE,CE,26400,1.0523231827992994,1.07589
945,45.0,27-01-2026 13:00,2026-01-27 13:00:00,25087.35,NIFTY27JAN2626500CE,CE,26500,1.056309255461418,1.13114
946,46.0,27-01-2026 13:05,2026-01-27 13:05:00,25077.3,NIFTY27JAN2625200CE,CE,25200,1.0048928712421195,0.37491
946,46.0,27-01-2026 13:05,2026-01-27 13:05:00,25077.3,NIFTY27JAN2625300CE,CE,25300,1.008880541366096,0.387
946,46.0,27-01-2026 13:05,2026-01-27 13:05:00,25077.3,NIFTY27JAN2625400CE,CE,25400,1.0128682114900727,0.42388
946,46.0,27-01-2026 13:05,2026-01-27 13:05:00,25077.3,NIFTY27JAN2625500CE,CE,25500,1.0168558816140494,0.47872
946,46.0,27-01-2026 13:05,2026-01-27 13:05:00,25077.3,NIFTY27JAN2625600CE,CE,25600,1.020843551738026,0.5369
946,46.0,27-01-2026 13:05,2026-01-27 13:05:00,25077.3,NIFTY27JAN2625700CE,CE,25700,1.0248312218620028,0.61433
946,46.0,27-01-2026 13:05,2026-01-27 13:05:00,25077.3,NIFTY27JAN2625800CE,CE,25800,1.0288188919859793,0.69302
946,46.0,27-01-2026 13:05,2026-01-27 13:05:00,25077.3,NIFTY27JAN2625900CE,CE,25900,1.032806562109956,0.74483
946,46.0,27-01-2026 13:05,2026-01-27 13:05:00,25077.3,NIFTY27JAN2626000CE,CE,26000,1.0367942322339327,0.82368
946,46.0,27-01-2026 13:05,2026-01-27 13:05:00,25077.3,NIFTY27JAN2626100CE,CE,26100,1.0407819023579095,0.87877
946,46.0,27-01-2026 13:05,2026-01-27 13:05:00,25077.3,NIFTY27JAN2626200CE,CE,26200,1.044769572481886,0.93987
946,46.0,27-01-2026 13:05,2026-01-27 13:05:00,25077.3,NIFTY27JAN2626300CE,CE,26300,1.0487572426058627,1.01338
946,46.0,27-01-2026 13:05,2026-01-27 13:05:00,25077.3,NIFTY27JAN2626400CE,CE,26400,1.0527449127298394,1.08612
946,46.0,27-01-2026 13:05,2026-01-27 13:05:00,25077.3,NIFTY27JAN2626500CE,CE,26500,1.056732582853816,1.13901
947,47.0,27-01-2026 13:10,2026-01-27 13:10:00,25078.6,NIFTY27JAN2625200CE,CE,25200,1.0048407805858381,0.38621
947,47.0,27-01-2026 13:10,2026-01-27 13:10:00,25078.6,NIFTY27JAN2625300CE,CE,25300,1.0088282440008614,0.39523
947,47.0,27-01-2026 13:10,2026-01-27 13:10:00,25078.6,NIFTY27JAN2625400CE,CE,25400,1.0128157074158846,0.43152
947,47.0,27-01-2026 13:10,2026-01-27 13:10:00,25078.6,NIFTY27JAN2625500CE,CE,25500,1.0168031708309078,0.48027
947,47.0,27-01-2026 13:10,2026-01-27 13:10:00,25078.6,NIFTY27JAN2625600CE,CE,25600,1.0207906342459308,0.54075
947,47.0,27-01-2026 13:10,2026-01-27 13:10:00,25078.6,NIFTY27JAN2625700CE,CE,25700,1.024778097660954,0.6185
947,47.0,27-01-2026 13:10,2026-01-27 13:10:00,25078.6,NIFTY27JAN2625800CE,CE,25800,1.0287655610759772,0.6834
947,47.0,27-01-2026 13:10,2026-01-27 13:10:00,25078.6,NIFTY27JAN2625900CE,CE,25900,1.0327530244910004,0.75694
947,47.0,27-01-2026 13:10,2026-01-27 13:10:00,25078.6,NIFTY27JAN2626000CE,CE,26000,1.0367404879060236,0.82697
947,47.0,27-01-2026 13:10,2026-01-27 13:10:00,25078.6,NIFTY27JAN2626100CE,CE,26100,1.0407279513210468,0.90538
947,47.0,27-01-2026 13:10,2026-01-27 13:10:00,25078.6,NIFTY27JAN2626200CE,CE,26200,1.0447154147360698,0.98283
947,47.0,27-01-2026 13:10,2026-01-27 13:10:00,25078.6,NIFTY27JAN2626300CE,CE,26300,1.048702878151093,1.04564
947,47.0,27-01-2026 13:10,2026-01-27 13:10:00,25078.6,NIFTY27JAN2626400CE,CE,26400,1.0526903415661162,1.12058
947,47.0,27-01-2026 13:10,2026-01-27 13:10:00,25078.6,NIFTY27JAN2626500CE,CE,26500,1.0566778049811394,1.15819
948,48.0,27-01-2026 13:15,2026-01-27 13:15:00,25088.55,NIFTY27JAN2625300CE,CE,25300,1.0084281475015495,0.41003
948,48.0,27-01-2026 13:15,2026-01-27 13:15:00,25088.55,NIFTY27JAN2625400CE,CE,25400,1.0124140295074846,0.44149
948,48.0,27-01-2026 13:15,2026-01-27 13:15:00,25088.55,NIFTY27JAN2625500CE,CE,25500,1.0163999115134195,0.48748
948,48.0,27-01-2026 13:15,2026-01-27 13:15:00,25088.55,NIFTY27JAN2625600CE,CE,25600,1.0203857935193545,0.54588
948,48.0,27-01-2026 13:15,2026-01-27 13:15:00,25088.55,NIFTY27JAN2625700CE,CE,25700,1.0243716755252894,0.62644
948,48.0,27-01-2026 13:15,2026-01-27 13:15:00,25088.55,NIFTY27JAN2625800CE,CE,25800,1.0283575575312245,0.70165
948,48.0,27-01-2026 13:15,2026-01-27 13:15:00,25088.55,NIFTY27JAN2625900CE,CE,25900,1.0323434395371593,0.76234
948,48.0,27-01-2026 13:15,2026-01-27 13:15:00,25088.55,NIFTY27JAN2626000CE,CE,26000,1.0363293215430944,0.83383
948,48.0,27-01-2026 13:15,2026-01-27 13:15:00,25088.55,NIFTY27JAN2626100CE,CE,26100,1.0403152035490293,0.88793
948,48.0,27-01-2026 13:15,2026-01-27 13:15:00,25088.55,NIFTY27JAN2626200CE,CE,26200,1.0443010855549644,0.99268
948,48.0,27-01-2026 13:15,2026-01-27 13:15:00,25088.55,NIFTY27JAN2626400CE,CE,26400,1.0522728495668343,1.13316
948,48.0,27-01-2026 13:15,2026-01-27 13:15:00,25088.55,NIFTY27JAN2626500CE,CE,26500,1.0562587315727692,1.14869
949,49.0,27-01-2026 13:20,2026-01-27 13:20:00,25085.9,NIFTY27JAN2625200CE,CE,25200,1.004548371794514,0.43553
949,49.0,27-01-2026 13:20,2026-01-27 13:20:00,25085.9,NIFTY27JAN2625300CE,CE,25300,1.0085346748571906,0.43431
949,49.0,27-01-2026 13:20,2026-01-27 13:20:00,25085.9,NIFTY27JAN2625400CE,CE,25400,1.0125209779198672,0.45449
949,49.0,27-01-2026 13:20,2026-01-27 13:20:00,25085.9,NIFTY27JAN2625500CE,CE,25500,1.016507280982544,0.49675
949,49.0,27-01-2026 13:20,2026-01-27 13:20:00,25085.9,NIFTY27JAN2625600CE,CE,25600,1.0204935840452205,0.55424
949,49.0,27-01-2026 13:20,2026-01-27 13:20:00,25085.9,NIFTY27JAN2625800CE,CE,25800,1.0284661901705738,0.71032
949,49.0,27-01-2026 13:20,2026-01-27 13:20:00,25085.9,NIFTY27JAN2626000CE,CE,26000,1.0364387962959272,0.86254
949,49.0,27-01-2026 13:20,2026-01-27 13:20:00,25085.9,NIFTY27JAN2626100CE,CE,26100,1.0404250993586037,0.92093
949,49.0,27-01-2026 13:20,2026-01-27 13:20:00,25085.9,NIFTY27JAN2626200CE,CE,26200,1.0444114024212805,1.00047
949,49.0,27-01-2026 13:20,2026-01-27 13:20:00,25085.9,NIFTY27JAN2626300CE,CE,26300,1.048397705483957,1.0453
949,49.0,27-01-2026 13:20,2026-01-27 13:20:00,25085.9,NIFTY27JAN2626400CE,CE,26400,1.0523840085466336,1.15693
949,49.0,27-01-2026 13:20,2026-01-27 13:20:00,25085.9,NIFTY27JAN2626500CE,CE,26500,1.0563703116093104,1.19614
950,50.0,27-01-2026 13:25,2026-01-27 13:25:00,25098.05,NIFTY27JAN2625200CE,CE,25200,1.00406206856708,0.46141
950,50.0,27-01-2026 13:25,2026-01-27 13:25:00,25098.05,NIFTY27JAN2625300CE,CE,25300,1.0080464418550446,0.45251
950,50.0,27-01-2026 13:25,2026-01-27 13:25:00,25098.05,NIFTY27JAN2625400CE,CE,25400,1.012030815143009,0.46505
950,50.0,27-01-2026 13:25,2026-01-27 13:25:00,25098.05,NIFTY27JAN2625500CE,CE,25500,1.0160151884309738,0.50455
950,50.0,27-01-2026 13:25,2026-01-27 13:25:00,25098.05,NIFTY27JAN2625600CE,CE,25600,1.0199995617189384,0.56244
950,50.0,27-01-2026 13:25,2026-01-27 13:25:00,25098.05,NIFTY27JAN2625800CE,CE,25800,1.0279683082948676,0.71329
950,50.0,27-01-2026 13:25,2026-01-27 13:25:00,25098.05,NIFTY27JAN2625900CE,CE,25900,1.0319526815828322,0.78384
950,50.0,27-01-2026 13:25,2026-01-27 13:25:00,25098.05,NIFTY27JAN2626000CE,CE,26000,1.0359370548707967,0.86895
950,50.0,27-01-2026 13:25,2026-01-27 13:25:00,25098.05,NIFTY27JAN2626100CE,CE,26100,1.0399214281587614,0.94142
950,50.0,27-01-2026 13:25,2026-01-27 13:25:00,25098.05,NIFTY27JAN2626200CE,CE,26200,1.043905801446726,1.01001
950,50.0,27-01-2026 13:25,2026-01-27 13:25:00,25098.05,NIFTY27JAN2626300CE,CE,26300,1.0478901747346905,1.09028
950,50.0,27-01-2026 13:25,2026-01-27 13:25:00,25098.05,NIFTY27JAN2626400CE,CE,26400,1.0518745480226552,1.1697
950,50.0,27-01-2026 13:25,2026-01-27 13:25:00,25098.05,NIFTY27JAN2626500CE,CE,26500,1.0558589213106198,1.21001
951,51.0,27-01-2026 13:30,2026-01-27 13:30:00,25112.65,NIFTY27JAN2625200CE,CE,25200,1.0034783266600698,0.36831
951,51.0,27-01-2026 13:30,2026-01-27 13:30:00,25112.65,NIFTY27JAN2625300CE,CE,25300,1.0074603835118954,0.38375
951,51.0,27-01-2026 13:30,2026-01-27 13:30:00,25112.65,NIFTY27JAN2625500CE,CE,25500,1.0154244972155466,0.48536
951,51.0,27-01-2026 13:30,2026-01-27 13:30:00,25112.65,NIFTY27JAN2625600CE,CE,25600,1.0194065540673725,0.55493
951,51.0,27-01-2026 13:30,2026-01-27 13:30:00,25112.65,NIFTY27JAN2625700CE,CE,25700,1.023388610919198,0.63535
951,51.0,27-01-2026 13:30,2026-01-27 13:30:00,25112.65,NIFTY27JAN2625800CE,CE,25800,1.0273706677710237,0.71437
951,51.0,27-01-2026 13:30,2026-01-27 13:30:00,25112.65,NIFTY27JAN2625900CE,CE,25900,1.0313527246228493,0.79586
951,51.0,27-01-2026 13:30,2026-01-27 13:30:00,25112.65,NIFTY27JAN2626000CE,CE,26000,1.035334781474675,0.87378
951,51.0,27-01-2026 13:30,2026-01-27 13:30:00,25112.65,NIFTY27JAN2626100CE,CE,26100,1.0393168383265008,0.94799
951,51.0,27-01-2026 13:30,2026-01-27 13:30:00,25112.65,NIFTY27JAN2626200CE,CE,26200,1.0432988951783264,1.03188
951,51.0,27-01-2026 13:30,2026-01-27 13:30:00,25112.65,NIFTY27JAN2626400CE,CE,26400,1.0512630088819777,1.16419
951,51.0,27-01-2026 13:30,2026-01-27 13:30:00,25112.65,NIFTY27JAN2626500CE,CE,26500,1.0552450657338035,1.22291
952,52.0,27-01-2026 13:35,2026-01-27 13:35:00,25095.5,NIFTY27JAN2625200CE,CE,25200,1.0041640931641131,0.28249
952,52.0,27-01-2026 13:35,2026-01-27 13:35:00,25095.5,NIFTY27JAN2625400CE,CE,25400,1.0121336494590665,0.42153
952,52.0,27-01-2026 13:35,2026-01-27 13:35:00,25095.5,NIFTY27JAN2625500CE,CE,25500,1.016118427606543,0.49482
952,52.0,27-01-2026 13:35,2026-01-27 13:35:00,25095.5,NIFTY27JAN2625700CE,CE,25700,1.0240879839014962,0.65956
952,52.0,27-01-2026 13:35,2026-01-27 13:35:00,25095.5,NIFTY27JAN2625800CE,CE,25800,1.028072762048973,0.7536
952,52.0,27-01-2026 13:35,2026-01-27 13:35:00,25095.5,NIFTY27JAN2625900CE,CE,25900,1.0320575401964496,0.8196
952,52.0,27-01-2026 13:35,2026-01-27 13:35:00,25095.5,NIFTY27JAN2626100CE,CE,26100,1.040027096491403,0.98382
952,52.0,27-01-2026 13:35,2026-01-27 13:35:00,25095.5,NIFTY27JAN2626500CE,CE,26500,1.0559662090813093,1.28497
953,53.0,27-01-2026 13:40,2026-01-27 13:40:00,25049.05,NIFTY27JAN2625200CE,CE,25200,1.0060261766414296,0.37743
953,53.0,27-01-2026 13:40,2026-01-27 13:40:00,25049.05,NIFTY27JAN2625300CE,CE,25300,1.0100183440090542,0.42277
953,53.0,27-01-2026 13:40,2026-01-27 13:40:00,25049.05,NIFTY27JAN2625400CE,CE,25400,1.014010511376679,0.49073
953,53.0,27-01-2026 13:40,2026-01-27 13:40:00,25049.05,NIFTY27JAN2625600CE,CE,25600,1.0219948461119284,0.66038
953,53.0,27-01-2026 13:40,2026-01-27 13:40:00,25049.05,NIFTY27JAN2625700CE,CE,25700,1.0259870134795532,0.74594
953,53.0,27-01-2026 13:40,2026-01-27 13:40:00,25049.05,NIFTY27JAN2625800CE,CE,25800,1.0299791808471779,0.82367
953,53.0,27-01-2026 13:40,2026-01-27 13:40:00,25049.05,NIFTY27JAN2625900CE,CE,25900,1.0339713482148025,0.90134
953,53.0,27-01-2026 13:40,2026-01-27 13:40:00,25049.05,NIFTY27JAN2626000CE,CE,26000,1.0379635155824274,0.97221
953,53.0,27-01-2026 13:40,2026-01-27 13:40:00,25049.05,NIFTY27JAN2626100CE,CE,26100,1.041955682950052,1.06132
953,53.0,27-01-2026 13:40,2026-01-27 13:40:00,25049.05,NIFTY27JAN2626200CE,CE,26200,1.0459478503176767,1.1209
953,53.0,27-01-2026 13:40,2026-01-27 13:40:00,25049.05,NIFTY27JAN2626400CE,CE,26400,1.0539321850529262,1.27192
953,53.0,27-01-2026 13:40,2026-01-27 13:40:00,25049.05,NIFTY27JAN2626500CE,CE,26500,1.0579243524205508,1.33216
954,54.0,27-01-2026 13:45,2026-01-27 13:45:00,25044.1,NIFTY27JAN2625200CE,CE,25200,1.006225019066367,0.42625
954,54.0,27-01-2026 13:45,2026-01-27 13:45:00,25044.1,NIFTY27JAN2625400CE,CE,25400,1.0142109319161001,0.51533
954,54.0,27-01-2026 13:45,2026-01-27 13:45:00,25044.1,NIFTY27JAN2625500CE,CE,25500,1.0182038883409665,0.59021
954,54.0,27-01-2026 13:45,2026-01-27 13:45:00,25044.1,NIFTY27JAN2626100CE,CE,26100,1.042161626890166,1.06364
954,54.0,27-01-2026 13:45,2026-01-27 13:45:00,25044.1,NIFTY27JAN2626200CE,CE,26200,1.0461545833150323,1.15186
954,54.0,27-01-2026 13:45,2026-01-27 13:45:00,25044.1,NIFTY27JAN2626500CE,CE,26500,1.058133452589632,1.34114
955,55.0,27-01-2026 13:50,2026-01-27 13:50:00,25054.3,NIFTY27JAN2625200CE,CE,25200,1.005815369018492,0.37171
955,55.0,27-01-2026 13:50,2026-01-27 13:50:00,25054.3,NIFTY27JAN2625300CE,CE,25300,1.0098066998479303,0.42344
955,55.0,27-01-2026 13:50,2026-01-27 13:50:00,25054.3,NIFTY27JAN2625400CE,CE,25400,1.0137980306773688,0.49546
955,55.0,27-01-2026 13:50,2026-01-27 13:50:00,25054.3,NIFTY27JAN2625500CE,CE,25500,1.0177893615068072,0.57747
955,55.0,27-01-2026 13:50,2026-01-27 13:50:00,25054.3,NIFTY27JAN2625600CE,CE,25600,1.0217806923362458,0.67696
955,55.0,27-01-2026 13:50,2026-01-27 13:50:00,25054.3,NIFTY27JAN2625700CE,CE,25700,1.0257720231656842,0.75746
955,55.0,27-01-2026 13:50,2026-01-27 13:50:00,25054.3,NIFTY27JAN2625800CE,CE,25800,1.0297633539951225,0.85059
955,55.0,27-01-2026 13:50,2026-01-27 13:50:00,25054.3,NIFTY27JAN2625900CE,CE,25900,1.0337546848245611,0.94007
955,55.0,27-01-2026 13:50,2026-01-27 13:50:00,25054.3,NIFTY27JAN2626000CE,CE,26000,1.0377460156539995,1.0022
955,55.0,27-01-2026 13:50,2026-01-27 13:50:00,25054.3,NIFTY27JAN2626100CE,CE,26100,1.041737346483438,1.08021
955,55.0,27-01-2026 13:50,2026-01-27 13:50:00,25054.3,NIFTY27JAN2626300CE,CE,26300,1.049720008142315,1.26015
955,55.0,27-01-2026 13:50,2026-01-27 13:50:00,25054.3,NIFTY27JAN2626400CE,CE,26400,1.0537113389717534,1.34868
955,55.0,27-01-2026 13:50,2026-01-27 13:50:00,25054.3,NIFTY27JAN2626500CE,CE,26500,1.0577026698011918,1.39246
956,56.0,27-01-2026 13:55,2026-01-27 13:55:00,25040.65,NIFTY27JAN2625200CE,CE,25200,1.0063636527007085,0.38421
956,56.0,27-01-2026 13:55,2026-01-27 13:55:00,25040.65,NIFTY27JAN2625300CE,CE,25300,1.0103571592590448,0.43769
956,56.0,27-01-2026 13:55,2026-01-27 13:55:00,25040.65,NIFTY27JAN2625500CE,CE,25500,1.018344172375717,0.6083
956,56.0,27-01-2026 13:55,2026-01-27 13:55:00,25040.65,NIFTY27JAN2625600CE,CE,25600,1.0223376789340533,0.70442
956,56.0,27-01-2026 13:55,2026-01-27 13:55:00,25040.65,NIFTY27JAN2625800CE,CE,25800,1.0303246920507254,0.89528
956,56.0,27-01-2026 13:55,2026-01-27 13:55:00,25040.65,NIFTY27JAN2625900CE,CE,25900,1.0343181986090617,0.97861
956,56.0,27-01-2026 13:55,2026-01-27 13:55:00,25040.65,NIFTY27JAN2626000CE,CE,26000,1.0383117051673978,1.05464
956,56.0,27-01-2026 13:55,2026-01-27 13:55:00,25040.65,NIFTY27JAN2626100CE,CE,26100,1.0423052117257339,1.13671
956,56.0,27-01-2026 13:55,2026-01-27 13:55:00,25040.65,NIFTY27JAN2626200CE,CE,26200,1.04629871828407,1.21434
956,56.0,27-01-2026 13:55,2026-01-27 13:55:00,25040.65,NIFTY27JAN2626300CE,CE,26300,1.0502922248424063,1.30604
956,56.0,27-01-2026 13:55,2026-01-27 13:55:00,25040.65,NIFTY27JAN2626400CE,CE,26400,1.0542857314007423,1.37665
956,56.0,27-01-2026 13:55,2026-01-27 13:55:00,25040.65,NIFTY27JAN2626500CE,CE,26500,1.0582792379590784,1.44131
957,57.0,27-01-2026 14:00,2026-01-27 14:00:00,25042.35,NIFTY27JAN2625200CE,CE,25200,1.006295335701322,0.32664
957,57.0,27-01-2026 14:00,2026-01-27 14:00:00,25042.35,NIFTY27JAN2625300CE,CE,25300,1.0102885711604543,0.4114
957,57.0,27-01-2026 14:00,2026-01-27 14:00:00,25042.35,NIFTY27JAN2625400CE,CE,25400,1.0142818066195864,0.50478
957,57.0,27-01-2026 14:00,2026-01-27 14:00:00,25042.35,NIFTY27JAN2625500CE,CE,25500,1.0182750420787188,0.60881
957,57.0,27-01-2026 14:00,2026-01-27 14:00:00,25042.35,NIFTY27JAN2625600CE,CE,25600,1.0222682775378509,0.70982
957,57.0,27-01-2026 14:00,2026-01-27 14:00:00,25042.35,NIFTY27JAN2625700CE,CE,25700,1.0262615129969832,0.80406
957,57.0,27-01-2026 14:00,2026-01-27 14:00:00,25042.35,NIFTY27JAN2625800CE,CE,25800,1.0302547484561153,0.89113
957,57.0,27-01-2026 14:00,2026-01-27 14:00:00,25042.35,NIFTY27JAN2625900CE,CE,25900,1.0342479839152476,0.96993
957,57.0,27-01-2026 14:00,2026-01-27 14:00:00,25042.35,NIFTY27JAN2626000CE,CE,26000,1.03824121937438,1.0818
957,57.0,27-01-2026 14:00,2026-01-27 14:00:00,25042.35,NIFTY27JAN2626100CE,CE,26100,1.042234454833512,1.15066
957,57.0,27-01-2026 14:00,2026-01-27 14:00:00,25042.35,NIFTY27JAN2626200CE,CE,26200,1.0462276902926444,1.22752
957,57.0,27-01-2026 14:00,2026-01-27 14:00:00,25042.35,NIFTY27JAN2626300CE,CE,26300,1.0502209257517765,1.3206
957,57.0,27-01-2026 14:00,2026-01-27 14:00:00,25042.35,NIFTY27JAN2626400CE,CE,26400,1.0542141612109088,1.41273
957,57.0,27-01-2026 14:00,2026-01-27 14:00:00,25042.35,NIFTY27JAN2626500CE,CE,26500,1.058207396670041,1.50397
958,58.0,27-01-2026 14:05,2026-01-27 14:05:00,25010.6,NIFTY27JAN2625200CE,CE,25200,1.0075727891374058,0.39868
958,58.0,27-01-2026 14:05,2026-01-27 14:05:00,25010.6,NIFTY27JAN2625300CE,CE,25300,1.011571093856205,0.48123
958,58.0,27-01-2026 14:05,2026-01-27 14:05:00,25010.6,NIFTY27JAN2625500CE,CE,25500,1.0195677032938035,0.67489
958,58.0,27-01-2026 14:05,2026-01-27 14:05:00,25010.6,NIFTY27JAN2625600CE,CE,25600,1.0235660080126028,0.78007
958,58.0,27-01-2026 14:05,2026-01-27 14:05:00,25010.6,NIFTY27JAN2625900CE,CE,25900,1.0355609221690003,1.0674
958,58.0,27-01-2026 14:05,2026-01-27 14:05:00,25010.6,NIFTY27JAN2626000CE,CE,26000,1.0395592268877996,1.15967
958,58.0,27-01-2026 14:05,2026-01-27 14:05:00,25010.6,NIFTY27JAN2626300CE,CE,26300,1.0515541410441973,1.41135
958,58.0,27-01-2026 14:05,2026-01-27 14:05:00,25010.6,NIFTY27JAN2626500CE,CE,26500,1.0595507504817958,1.57916
959,59.0,27-01-2026 14:10,2026-01-27 14:10:00,25041.35,NIFTY27JAN2625200CE,CE,25200,1.0063355210481864,0.37357
959,59.0,27-01-2026 14:10,2026-01-27 14:10:00,25041.35,NIFTY27JAN2625300CE,CE,25300,1.0103289159729807,0.45821
959,59.0,27-01-2026 14:10,2026-01-27 14:10:00,25041.35,NIFTY27JAN2625400CE,CE,25400,1.0143223108977752,0.55878
959,59.0,27-01-2026 14:10,2026-01-27 14:10:00,25041.35,NIFTY27JAN2625600CE,CE,25600,1.022309100747364,0.77277
959,59.0,27-01-2026 14:10,2026-01-27 14:10:00,25041.35,NIFTY27JAN2625700CE,CE,25700,1.0263024956721583,0.86212
959,59.0,27-01-2026 14:10,2026-01-27 14:10:00,25041.35,NIFTY27JAN2625800CE,CE,25800,1.0302958905969526,0.94634
959,59.0,27-01-2026 14:10,2026-01-27 14:10:00,25041.35,NIFTY27JAN2625900CE,CE,25900,1.0342892855217471,1.05464
959,59.0,27-01-2026 14:10,2026-01-27 14:10:00,25041.35,NIFTY27JAN2626100CE,CE,26100,1.0422760753713358,1.25296
959,59.0,27-01-2026 14:10,2026-01-27 14:10:00,25041.35,NIFTY27JAN2626300CE,CE,26300,1.0502628652209247,1.40178
959,59.0,27-01-2026 14:10,2026-01-27 14:10:00,25041.35,NIFTY27JAN2626400CE,CE,26400,1.054256260145719,1.49949
959,59.0,27-01-2026 14:10,2026-01-27 14:10:00,25041.35,NIFTY27JAN2626500CE,CE,26500,1.0582496550705134,1.56997
960,60.0,27-01-2026 14:15,2026-01-27 14:15:00,25034.25,NIFTY27JAN2625200CE,CE,25200,1.0066209293268222,0.3695
960,60.0,27-01-2026 14:15,2026-01-27 14:15:00,25034.25,NIFTY27JAN2625300CE,CE,25300,1.010615456824151,0.45459
960,60.0,27-01-2026 14:15,2026-01-27 14:15:00,25034.25,NIFTY27JAN2625400CE,CE,25400,1.0146099843214795,0.56798
960,60.0,27-01-2026 14:15,2026-01-27 14:15:00,25034.25,NIFTY27JAN2625500CE,CE,25500,1.0186045118188083,0.67166
960,60.0,27-01-2026 14:15,2026-01-27 14:15:00,25034.25,NIFTY27JAN2625700CE,CE,25700,1.0265935668134656,0.89058
960,60.0,27-01-2026 14:15,2026-01-27 14:15:00,25034.25,NIFTY27JAN2625900CE,CE,25900,1.0345826218081229,1.08509
960,60.0,27-01-2026 14:15,2026-01-27 14:15:00,25034.25,NIFTY27JAN2626000CE,CE,26000,1.0385771493054516,1.19427
960,60.0,27-01-2026 14:15,2026-01-27 14:15:00,25034.25,NIFTY27JAN2626100CE,CE,26100,1.0425716768027802,1.31635
960,60.0,27-01-2026 14:15,2026-01-27 14:15:00,25034.25,NIFTY27JAN2626200CE,CE,26200,1.046566204300109,1.37374
960,60.0,27-01-2026 14:15,2026-01-27 14:15:00,25034.25,NIFTY27JAN2626300CE,CE,26300,1.0505607317974375,1.49623
960,60.0,27-01-2026 14:15,2026-01-27 14:15:00,25034.25,NIFTY27JAN2626400CE,CE,26400,1.0545552592947662,1.55624
960,60.0,27-01-2026 14:15,2026-01-27 14:15:00,25034.25,NIFTY27JAN2626500CE,CE,26500,1.0585497867920948,1.62888
961,61.0,27-01-2026 14:20,2026-01-27 14:20:00,25028.4,NIFTY27JAN2625200CE,CE,25200,1.0068562113439132,0.40083
961,61.0,27-01-2026 14:20,2026-01-27 14:20:00,25028.4,NIFTY27JAN2625300CE,CE,25300,1.0108516725000398,0.48493
961,61.0,27-01-2026 14:20,2026-01-27 14:20:00,25028.4,NIFTY27JAN2625400CE,CE,25400,1.0148471336561666,0.59172
961,61.0,27-01-2026 14:20,2026-01-27 14:20:00,25028.4,NIFTY27JAN2625600CE,CE,25600,1.0228380559684198,0.79921
961,61.0,27-01-2026 14:20,2026-01-27 14:20:00,25028.4,NIFTY27JAN2625700CE,CE,25700,1.0268335171245464,0.89922
961,61.0,27-01-2026 14:20,2026-01-27 14:20:00,25028.4,NIFTY27JAN2625800CE,CE,25800,1.030828978280673,1.0028
961,61.0,27-01-2026 14:20,2026-01-27 14:20:00,25028.4,NIFTY27JAN2625900CE,CE,25900,1.0348244394367998,1.10091
961,61.0,27-01-2026 14:20,2026-01-27 14:20:00,25028.4,NIFTY27JAN2626200CE,CE,26200,1.0468108229051796,1.38358
961,61.0,27-01-2026 14:20,2026-01-27 14:20:00,25028.4,NIFTY27JAN2626300CE,CE,26300,1.0508062840613064,1.51294
961,61.0,27-01-2026 14:20,2026-01-27 14:20:00,25028.4,NIFTY27JAN2626400CE,CE,26400,1.054801745217433,1.61732
962,62.0,27-01-2026 14:25,2026-01-27 14:25:00,25022.0,NIFTY27JAN2625200CE,CE,25200,1.00711373990888,0.42522
962,62.0,27-01-2026 14:25,2026-01-27 14:25:00,25022.0,NIFTY27JAN2625300CE,CE,25300,1.0111102230037567,0.51321
962,62.0,27-01-2026 14:25,2026-01-27 14:25:00,25022.0,NIFTY27JAN2625400CE,CE,25400,1.0151067060986332,0.62323
962,62.0,27-01-2026 14:25,2026-01-27 14:25:00,25022.0,NIFTY27JAN2625500CE,CE,25500,1.0191031891935096,0.7317
962,62.0,27-01-2026 14:25,2026-01-27 14:25:00,25022.0,NIFTY27JAN2625600CE,CE,25600,1.0230996722883863,0.84639
962,62.0,27-01-2026 14:25,2026-01-27 14:25:00,25022.0,NIFTY27JAN2625800CE,CE,25800,1.0310926384781391,1.04852
962,62.0,27-01-2026 14:25,2026-01-27 14:25:00,25022.0,NIFTY27JAN2625900CE,CE,25900,1.0350891215730158,1.1661
962,62.0,27-01-2026 14:25,2026-01-27 14:25:00,25022.0,NIFTY27JAN2626000CE,CE,26000,1.0390856046678922,1.26484
962,62.0,27-01-2026 14:25,2026-01-27 14:25:00,25022.0,NIFTY27JAN2626100CE,CE,26100,1.0430820877627687,1.37808
962,62.0,27-01-2026 14:25,2026-01-27 14:25:00,25022.0,NIFTY27JAN2626200CE,CE,26200,1.0470785708576453,1.46805
962,62.0,27-01-2026 14:25,2026-01-27 14:25:00,25022.0,NIFTY27JAN2626300CE,CE,26300,1.0510750539525218,1.55096
962,62.0,27-01-2026 14:25,2026-01-27 14:25:00,25022.0,NIFTY27JAN2626400CE,CE,26400,1.0550715370473982,1.65772
962,62.0,27-01-2026 14:25,2026-01-27 14:25:00,25022.0,NIFTY27JAN2626500CE,CE,26500,1.0590680201422749,1.76347
963,63.0,27-01-2026 14:30,2026-01-27 14:30:00,25040.85,NIFTY27JAN2625200CE,CE,25200,1.0063556149252122,0.39181
963,63.0,27-01-2026 14:30,2026-01-27 14:30:00,25040.85,NIFTY27JAN2625300CE,CE,25300,1.010349089587614,0.50066
963,63.0,27-01-2026 14:30,2026-01-27 14:30:00,25040.85,NIFTY27JAN2625400CE,CE,25400,1.0143425642500155,0.62518
963,63.0,27-01-2026 14:30,2026-01-27 14:30:00,25040.85,NIFTY27JAN2625500CE,CE,25500,1.0183360389124172,0.75971
963,63.0,27-01-2026 14:30,2026-01-27 14:30:00,25040.85,NIFTY27JAN2625600CE,CE,25600,1.0223295135748187,0.88623
963,63.0,27-01-2026 14:30,2026-01-27 14:30:00,25040.85,NIFTY27JAN2625700CE,CE,25700,1.0263229882372205,0.99624
963,63.0,27-01-2026 14:30,2026-01-27 14:30:00,25040.85,NIFTY27JAN2625800CE,CE,25800,1.030316462899622,1.1264
963,63.0,27-01-2026 14:30,2026-01-27 14:30:00,25040.85,NIFTY27JAN2625900CE,CE,25900,1.0343099375620237,1.2432
963,63.0,27-01-2026 14:30,2026-01-27 14:30:00,25040.85,NIFTY27JAN2626000CE,CE,26000,1.0383034122244255,1.34177
963,63.0,27-01-2026 14:30,2026-01-27 14:30:00,25040.85,NIFTY27JAN2626100CE,CE,26100,1.042296886886827,1.46343
963,63.0,27-01-2026 14:30,2026-01-27 14:30:00,25040.85,NIFTY27JAN2626200CE,CE,26200,1.0462903615492287,1.56662
963,63.0,27-01-2026 14:30,2026-01-27 14:30:00,25040.85,NIFTY27JAN2626300CE,CE,26300,1.0502838362116302,1.66481
963,63.0,27-01-2026 14:30,2026-01-27 14:30:00,25040.85,NIFTY27JAN2626500CE,CE,26500,1.0582707855364335,1.87057
964,64.0,27-01-2026 14:35,2026-01-27 14:35:00,25042.95,NIFTY27JAN2625200CE,CE,25200,1.0062712260336741,0.54896
964,64.0,27-01-2026 14:35,2026-01-27 14:35:00,25042.95,NIFTY27JAN2625300CE,CE,25300,1.010264365819522,0.57786
964,64.0,27-01-2026 14:35,2026-01-27 14:35:00,25042.95,NIFTY27JAN2625400CE,CE,25400,1.01425750560537,0.66313
964,64.0,27-01-2026 14:35,2026-01-27 14:35:00,25042.95,NIFTY27JAN2625500CE,CE,25500,1.018250645391218,0.76466
964,64.0,27-01-2026 14:35,2026-01-27 14:35:00,25042.95,NIFTY27JAN2625600CE,CE,25600,1.0222437851770658,0.89905
964,64.0,27-01-2026 14:35,2026-01-27 14:35:00,25042.95,NIFTY27JAN2625700CE,CE,25700,1.0262369249629137,1.00651
964,64.0,27-01-2026 14:35,2026-01-27 14:35:00,25042.95,NIFTY27JAN2625800CE,CE,25800,1.0302300647487617,1.09641
964,64.0,27-01-2026 14:35,2026-01-27 14:35:00,25042.95,NIFTY27JAN2625900CE,CE,25900,1.0342232045346096,1.22306
964,64.0,27-01-2026 14:35,2026-01-27 14:35:00,25042.95,NIFTY27JAN2626000CE,CE,26000,1.0382163443204575,1.34797
964,64.0,27-01-2026 14:35,2026-01-27 14:35:00,25042.95,NIFTY27JAN2626100CE,CE,26100,1.0422094841063054,1.50913
964,64.0,27-01-2026 14:35,2026-01-27 14:35:00,25042.95,NIFTY27JAN2626300CE,CE,26300,1.0501957636780013,1.68869
964,64.0,27-01-2026 14:35,2026-01-27 14:35:00,25042.95,NIFTY27JAN2626400CE,CE,26400,1.054188903463849,1.77649
964,64.0,27-01-2026 14:35,2026-01-27 14:35:00,25042.95,NIFTY27JAN2626500CE,CE,26500,1.058182043249697,1.8546
965,65.0,27-01-2026 14:40,2026-01-27 14:40:00,25097.55,NIFTY27JAN2625200CE,CE,25200,1.0040820717560082,0.33389
965,65.0,27-01-2026 14:40,2026-01-27 14:40:00,25097.55,NIFTY27JAN2625300CE,CE,25300,1.0080665244217066,0.42508
965,65.0,27-01-2026 14:40,2026-01-27 14:40:00,25097.55,NIFTY27JAN2625400CE,CE,25400,1.0120509770874049,0.55551
965,65.0,27-01-2026 14:40,2026-01-27 14:40:00,25097.55,NIFTY27JAN2625500CE,CE,25500,1.0160354297531033,0.67826
965,65.0,27-01-2026 14:40,2026-01-27 14:40:00,25097.55,NIFTY27JAN2625600CE,CE,25600,1.0200198824188018,0.78645
965,65.0,27-01-2026 14:40,2026-01-27 14:40:00,25097.55,NIFTY27JAN2625700CE,CE,25700,1.0240043350845003,0.92303
965,65.0,27-01-2026 14:40,2026-01-27 14:40:00,25097.55,NIFTY27JAN2625800CE,CE,25800,1.0279887877501988,1.03769
965,65.0,27-01-2026 14:40,2026-01-27 14:40:00,25097.55,NIFTY27JAN2625900CE,CE,25900,1.0319732404158972,1.16763
965,65.0,27-01-2026 14:40,2026-01-27 14:40:00,25097.55,NIFTY27JAN2626000CE,CE,26000,1.0359576930815957,1.23569
965,65.0,27-01-2026 14:40,2026-01-27 14:40:00,25097.55,NIFTY27JAN2626100CE,CE,26100,1.0399421457472942,1.42219
965,65.0,27-01-2026 14:40,2026-01-27 14:40:00,25097.55,NIFTY27JAN2626300CE,CE,26300,1.0479110510786909,1.63715
965,65.0,27-01-2026 14:40,2026-01-27 14:40:00,25097.55,NIFTY27JAN2626500CE,CE,26500,1.0558799564100878,1.83068
966,66.0,27-01-2026 14:45,2026-01-27 14:45:00,25108.1,NIFTY27JAN2625200CE,CE,25200,1.0036601734101744,0.37525
966,66.0,27-01-2026 14:45,2026-01-27 14:45:00,25108.1,NIFTY27JAN2625300CE,CE,25300,1.0076429518760879,0.42842
966,66.0,27-01-2026 14:45,2026-01-27 14:45:00,25108.1,NIFTY27JAN2625500CE,CE,25500,1.0156085088079145,0.68849
966,66.0,27-01-2026 14:45,2026-01-27 14:45:00,25108.1,NIFTY27JAN2625600CE,CE,25600,1.019591287273828,0.8273
966,66.0,27-01-2026 14:45,2026-01-27 14:45:00,25108.1,NIFTY27JAN2625700CE,CE,25700,1.0235740657397414,0.97349
966,66.0,27-01-2026 14:45,2026-01-27 14:45:00,25108.1,NIFTY27JAN2625800CE,CE,25800,1.0275568442056549,1.11692
966,66.0,27-01-2026 14:45,2026-01-27 14:45:00,25108.1,NIFTY27JAN2625900CE,CE,25900,1.0315396226715683,1.23827
966,66.0,27-01-2026 14:45,2026-01-27 14:45:00,25108.1,NIFTY27JAN2626000CE,CE,26000,1.0355224011374815,1.32278
966,66.0,27-01-2026 14:45,2026-01-27 14:45:00,25108.1,NIFTY27JAN2626100CE,CE,26100,1.039505179603395,1.48454
966,66.0,27-01-2026 14:45,2026-01-27 14:45:00,25108.1,NIFTY27JAN2626200CE,CE,26200,1.0434879580693084,1.58344
966,66.0,27-01-2026 14:45,2026-01-27 14:45:00,25108.1,NIFTY27JAN2626300CE,CE,26300,1.0474707365352218,1.71158
967,67.0,27-01-2026 14:50,2026-01-27 14:50:00,25122.3,NIFTY27JAN2625300CE,CE,25300,1.007073396942159,0.4328
967,67.0,27-01-2026 14:50,2026-01-27 14:50:00,25122.3,NIFTY27JAN2625400CE,CE,25400,1.0110539242027998,0.55658
967,67.0,27-01-2026 14:50,2026-01-27 14:50:00,25122.3,NIFTY27JAN2625500CE,CE,25500,1.0150344514634408,0.70672
967,67.0,27-01-2026 14:50,2026-01-27 14:50:00,25122.3,NIFTY27JAN2625600CE,CE,25600,1.0190149787240819,0.84021
967,67.0,27-01-2026 14:50,2026-01-27 14:50:00,25122.3,NIFTY27JAN2625700CE,CE,25700,1.0229955059847227,0.9529
967,67.0,27-01-2026 14:50,2026-01-27 14:50:00,25122.3,NIFTY27JAN2625800CE,CE,25800,1.0269760332453637,1.12283
967,67.0,27-01-2026 14:50,2026-01-27 14:50:00,25122.3,NIFTY27JAN2626000CE,CE,26000,1.0349370877666455,1.34638
967,67.0,27-01-2026 14:50,2026-01-27 14:50:00,25122.3,NIFTY27JAN2626100CE,CE,26100,1.0389176150272865,1.48257
967,67.0,27-01-2026 14:50,2026-01-27 14:50:00,25122.3,NIFTY27JAN2626200CE,CE,26200,1.0428981422879275,1.61719
967,67.0,27-01-2026 14:50,2026-01-27 14:50:00,25122.3,NIFTY27JAN2626300CE,CE,26300,1.0468786695485683,1.79522
967,67.0,27-01-2026 14:50,2026-01-27 14:50:00,25122.3,NIFTY27JAN2626400CE,CE,26400,1.0508591968092094,1.88216
967,67.0,27-01-2026 14:50,2026-01-27 14:50:00,25122.3,NIFTY27JAN2626500CE,CE,26500,1.0548397240698504,1.94677
968,68.0,27-01-2026 14:55,2026-01-27 14:55:00,25143.55,NIFTY27JAN2625200CE,CE,25200,1.0022451085864963,0.35345
968,68.0,27-01-2026 14:55,2026-01-27 14:55:00,25143.55,NIFTY27JAN2625300CE,CE,25300,1.0062222717158078,0.38729
968,68.0,27-01-2026 14:55,2026-01-27 14:55:00,25143.55,NIFTY27JAN2625400CE,CE,25400,1.0101994348451193,0.52999
968,68.0,27-01-2026 14:55,2026-01-27 14:55:00,25143.55,NIFTY27JAN2625600CE,CE,25600,1.0181537611037423,0.82563
968,68.0,27-01-2026 14:55,2026-01-27 14:55:00,25143.55,NIFTY27JAN2625700CE,CE,25700,1.0221309242330539,1.0072
968,68.0,27-01-2026 14:55,2026-01-27 14:55:00,25143.55,NIFTY27JAN2625900CE,CE,25900,1.0300852504916769,1.2937
968,68.0,27-01-2026 14:55,2026-01-27 14:55:00,25143.55,NIFTY27JAN2626000CE,CE,26000,1.0340624136209884,1.40702
968,68.0,27-01-2026 14:55,2026-01-27 14:55:00,25143.55,NIFTY27JAN2626100CE,CE,26100,1.0380395767503,1.55288
968,68.0,27-01-2026 14:55,2026-01-27 14:55:00,25143.55,NIFTY27JAN2626200CE,CE,26200,1.0420167398796114,1.69702
968,68.0,27-01-2026 14:55,2026-01-27 14:55:00,25143.55,NIFTY27JAN2626300CE,CE,26300,1.0459939030089227,1.7779
968,68.0,27-01-2026 14:55,2026-01-27 14:55:00,25143.55,NIFTY27JAN2626500CE,CE,26500,1.0539482292675457,1.94457
969,69.0,27-01-2026 15:00,2026-01-27 15:00:00,25118.0,NIFTY27JAN2625200CE,CE,25200,1.003264591129867,0.22867
969,69.0,27-01-2026 15:00,2026-01-27 15:00:00,25118.0,NIFTY27JAN2625300CE,CE,25300,1.0072457998248268,0.42577
969,69.0,27-01-2026 15:00,2026-01-27 15:00:00,25118.0,NIFTY27JAN2625500CE,CE,25500,1.0152082172147463,0.76229
969,69.0,27-01-2026 15:00,2026-01-27 15:00:00,25118.0,NIFTY27JAN2625600CE,CE,25600,1.0191894259097063,0.93694
969,69.0,27-01-2026 15:00,2026-01-27 15:00:00,25118.0,NIFTY27JAN2625700CE,CE,25700,1.023170634604666,1.07719
969,69.0,27-01-2026 15:00,2026-01-27 15:00:00,25118.0,NIFTY27JAN2625800CE,CE,25800,1.0271518432996258,1.24115
969,69.0,27-01-2026 15:00,2026-01-27 15:00:00,25118.0,NIFTY27JAN2625900CE,CE,25900,1.0311330519945856,1.40258
969,69.0,27-01-2026 15:00,2026-01-27 15:00:00,25118.0,NIFTY27JAN2626000CE,CE,26000,1.0351142606895454,1.56178
969,69.0,27-01-2026 15:00,2026-01-27 15:00:00,25118.0,NIFTY27JAN2626100CE,CE,26100,1.0390954693845051,1.66008
969,69.0,27-01-2026 15:00,2026-01-27 15:00:00,25118.0,NIFTY27JAN2626200CE,CE,26200,1.043076678079465,1.71452
969,69.0,27-01-2026 15:00,2026-01-27 15:00:00,25118.0,NIFTY27JAN2626300CE,CE,26300,1.0470578867744247,2.02809
969,69.0,27-01-2026 15:00,2026-01-27 15:00:00,25118.0,NIFTY27JAN2626400CE,CE,26400,1.0510390954693845,2.10815
969,69.0,27-01-2026 15:00,2026-01-27 15:00:00,25118.0,NIFTY27JAN2626500CE,CE,26500,1.0550203041643442,2.13811
970,70.0,27-01-2026 15:05,2026-01-27 15:05:00,25134.65,NIFTY27JAN2625200CE,CE,25200,1.0025999964192858,0.20763
970,70.0,27-01-2026 15:05,2026-01-27 15:05:00,25134.65,NIFTY27JAN2625300CE,CE,25300,1.0065785678336479,0.42034
970,70.0,27-01-2026 15:05,2026-01-27 15:05:00,25134.65,NIFTY27JAN2625400CE,CE,25400,1.0105571392480102,0.58577
970,70.0,27-01-2026 15:05,2026-01-27 15:05:00,25134.65,NIFTY27JAN2625500CE,CE,25500,1.0145357106623725,0.74767
970,70.0,27-01-2026 15:05,2026-01-27 15:05:00,25134.65,NIFTY27JAN2625600CE,CE,25600,1.0185142820767346,0.96576
970,70.0,27-01-2026 15:05,2026-01-27 15:05:00,25134.65,NIFTY27JAN2625700CE,CE,25700,1.0224928534910969,1.10655
970,70.0,27-01-2026 15:05,2026-01-27 15:05:00,25134.65,NIFTY27JAN2625800CE,CE,25800,1.0264714249054592,1.2084
970,70.0,27-01-2026 15:05,2026-01-27 15:05:00,25134.65,NIFTY27JAN2625900CE,CE,25900,1.0304499963198215,1.45281
970,70.0,27-01-2026 15:05,2026-01-27 15:05:00,25134.65,NIFTY27JAN2626000CE,CE,26000,1.0344285677341836,1.62229
970,70.0,27-01-2026 15:05,2026-01-27 15:05:00,25134.65,NIFTY27JAN2626100CE,CE,26100,1.0384071391485459,1.78968
970,70.0,27-01-2026 15:05,2026-01-27 15:05:00,25134.65,NIFTY27JAN2626200CE,CE,26200,1.0423857105629082,1.85084
970,70.0,27-01-2026 15:05,2026-01-27 15:05:00,25134.65,NIFTY27JAN2626400CE,CE,26400,1.0503428533916326,2.16189
970,70.0,27-01-2026 15:05,2026-01-27 15:05:00,25134.65,NIFTY27JAN2626500CE,CE,26500,1.054321424805995,2.31529
971,71.0,27-01-2026 15:10,2026-01-27 15:10:00,25154.95,NIFTY27JAN2625200CE,CE,25200,1.0017909000017888,0.16803
971,71.0,27-01-2026 15:10,2026-01-27 15:10:00,25154.95,NIFTY27JAN2625300CE,CE,25300,1.0057662607160818,0.40933
971,71.0,27-01-2026 15:10,2026-01-27 15:10:00,25154.95,NIFTY27JAN2625500CE,CE,25500,1.0137169821446674,0.82645
971,71.0,27-01-2026 15:10,2026-01-27 15:10:00,25154.95,NIFTY27JAN2625700CE,CE,25700,1.0216677035732529,1.12661
971,71.0,27-01-2026 15:10,2026-01-27 15:10:00,25154.95,NIFTY27JAN2625900CE,CE,25900,1.0296184250018385,1.58429
971,71.0,27-01-2026 15:10,2026-01-27 15:10:00,25154.95,NIFTY27JAN2626100CE,CE,26100,1.0375691464304242,1.96159
971,71.0,27-01-2026 15:10,2026-01-27 15:10:00,25154.95,NIFTY27JAN2626200CE,CE,26200,1.041544507144717,2.03204
971,71.0,27-01-2026 15:10,2026-01-27 15:10:00,25154.95,NIFTY27JAN2626300CE,CE,26300,1.0455198678590099,2.3302
971,71.0,27-01-2026 15:10,2026-01-27 15:10:00,25154.95,NIFTY27JAN2626400CE,CE,26400,1.0494952285733026,2.38021
971,71.0,27-01-2026 15:10,2026-01-27 15:10:00,25154.95,NIFTY27JAN2626500CE,CE,26500,1.0534705892875955,2.55189
972,72.0,27-01-2026 15:15,2026-01-27 15:15:00,25174.85,NIFTY27JAN2625200CE,CE,25200,1.0009990129037512,0.14225
972,72.0,27-01-2026 15:15,2026-01-27 15:15:00,25174.85,NIFTY27JAN2625300CE,CE,25300,1.0049712312089247,0.42629
972,72.0,27-01-2026 15:15,2026-01-27 15:15:00,25174.85,NIFTY27JAN2625400CE,CE,25400,1.0089434495140985,0.6745
972,72.0,27-01-2026 15:15,2026-01-27 15:15:00,25174.85,NIFTY27JAN2625500CE,CE,25500,1.0129156678192721,0.81392
972,72.0,27-01-2026 15:15,2026-01-27 15:15:00,25174.85,NIFTY27JAN2625600CE,CE,25600,1.0168878861244457,1.03772
972,72.0,27-01-2026 15:15,2026-01-27 15:15:00,25174.85,NIFTY27JAN2625700CE,CE,25700,1.0208601044296193,1.33488
972,72.0,27-01-2026 15:15,2026-01-27 15:15:00,25174.85,NIFTY27JAN2625800CE,CE,25800,1.0248323227347929,1.47205
972,72.0,27-01-2026 15:15,2026-01-27 15:15:00,25174.85,NIFTY27JAN2626100CE,CE,26100,1.0367489776503138,2.22048
972,72.0,27-01-2026 15:15,2026-01-27 15:15:00,25174.85,NIFTY27JAN2626200CE,CE,26200,1.0407211959554874,2.30421
972,72.0,27-01-2026 15:15,2026-01-27 15:15:00,25174.85,NIFTY27JAN2626300CE,CE,26300,1.044693414260661,2.50644
972,72.0,27-01-2026 15:15,2026-01-27 15:15:00,25174.85,NIFTY27JAN2626500CE,CE,26500,1.0526378508710081,2.90515
973,73.0,27-01-2026 15:20,2026-01-27 15:20:00,25198.1,NIFTY27JAN2625200CE,CE,25200,1.0000754025105068,0.0168
973,73.0,27-01-2026 15:20,2026-01-27 15:20:00,25198.1,NIFTY27JAN2625300CE,CE,25300,1.0040439556950722,0.39816
973,73.0,27-01-2026 15:20,2026-01-27 15:20:00,25198.1,NIFTY27JAN2625400CE,CE,25400,1.008012508879638,0.69406
973,73.0,27-01-2026 15:20,2026-01-27 15:20:00,25198.1,NIFTY27JAN2625600CE,CE,25600,1.0159496152487688,1.20671
973,73.0,27-01-2026 15:20,2026-01-27 15:20:00,25198.1,NIFTY27JAN2625700CE,CE,25700,1.0199181684333343,1.47601
973,73.0,27-01-2026 15:20,2026-01-27 15:20:00,25198.1,NIFTY27JAN2625800CE,CE,25800,1.0238867216178997,1.84647
973,73.0,27-01-2026 15:20,2026-01-27 15:20:00,25198.1,NIFTY27JAN2625900CE,CE,25900,1.0278552748024654,2.00071
973,73.0,27-01-2026 15:20,2026-01-27 15:20:00,25198.1,NIFTY27JAN2626100CE,CE,26100,1.0357923811715963,2.6557
973,73.0,27-01-2026 15:20,2026-01-27 15:20:00,25198.1,NIFTY27JAN2626200CE,CE,26200,1.0397609343561618,2.76165
973,73.0,27-01-2026 15:20,2026-01-27 15:20:00,25198.1,NIFTY27JAN2626500CE,CE,26500,1.0516665939098584,3.69076
974,74.0,27-01-2026 15:25,2026-01-27 15:25:00,25242.4,NIFTY27JAN2625200CE,CE,25200,0.9983202865020758,0.03726
974,74.0,27-01-2026 15:25,2026-01-27 15:25:00,25242.4,NIFTY27JAN2625300CE,CE,25300,1.0022818749405762,0.35816
974,74.0,27-01-2026 15:25,2026-01-27 15:25:00,25242.4,NIFTY27JAN2625400CE,CE,25400,1.0062434633790764,0.73157
974,74.0,27-01-2026 15:25,2026-01-27 15:25:00,25242.4,NIFTY27JAN2625500CE,CE,25500,1.0102050518175767,1.13908
974,74.0,27-01-2026 15:25,2026-01-27 15:25:00,25242.4,NIFTY27JAN2625600CE,CE,25600,1.014166640256077,1.53259
974,74.0,27-01-2026 15:25,2026-01-27 15:25:00,25242.4,NIFTY27JAN2625700CE,CE,25700,1.0181282286945774,1.91634
974,74.0,27-01-2026 15:25,2026-01-27 15:25:00,25242.4,NIFTY27JAN2625800CE,CE,25800,1.0220898171330777,2.29252
974,74.0,27-01-2026 15:25,2026-01-27 15:25:00,25242.4,NIFTY27JAN2625900CE,CE,25900,1.026051405571578,2.66246
974,74.0,27-01-2026 15:25,2026-01-27 15:25:00,25242.4,NIFTY27JAN2626000CE,CE,26000,1.0300129940100782,3.02705
974,74.0,27-01-2026 15:25,2026-01-27 15:25:00,25242.4,NIFTY27JAN2626200CE,CE,26200,1.037936170887079,3.74259
